CD_SETOR;CD_BAIRRO;NM_BAIRRO;REGIAO_FUNCIONAL;POP;RENDA_MEDIA;tau_beta0;tau_beta03;tau_beta06;h_beta0_conservador;h_beta0_referencia;h_beta0_otimista;h_beta03_conservador;h_beta03_referencia;h_beta03_otimista;h_beta06_conservador;h_beta06_referencia;h_beta06_otimista
420540705000001;4205407001;Centro;Centro/Sede;430;17796,13;0,463855;0,667815;0,932076;0,5398;1,2738;2,3432;0,7771;1,8339;3,3735;1,0846;2,5596;4,7084
420540705000002;4205407001;Centro;Centro/Sede;654;15541,25;0,463855;0,641216;0,859306;0,821;1,9374;3,5638;1,1349;2,6781;4,9264;1,5208;3,589;6,602
420540705000003;4205407001;Centro;Centro/Sede;458;10479,74;0,463855;0,569723;0,67837;0,5749;1,3568;2,4957;0,7061;1,6664;3,0654;0,8408;1,9842;3,6499
420540705000004;4205407001;Centro;Centro/Sede;694;10652,41;0,463855;0,572523;0,685054;0,8712;2,0559;3,7818;1,0753;2,5375;4,6677;1,2866;3,0362;5,5852
420540705000005;4205407001;Centro;Centro/Sede;367;12895,78;0,463855;0,606307;0,768289;0,4607;1,0872;1,9999;0,6022;1,4211;2,614;0,763;1,8007;3,3124
420540705000006;4205407001;Centro;Centro/Sede;475;18889,59;0,463855;0,679869;0,966028;0,5963;1,4071;2,5884;0,8739;2,0624;3,7938;1,2418;2,9305;5,3906
420540705000007;4205407001;Centro;Centro/Sede;401;10804,69;0,463855;0,574966;0,690913;0,5034;1,1879;2,1851;0,6239;1,4724;2,7086;0,7498;1,7694;3,2548
420540705000008;4205407001;Centro;Centro/Sede;645;13080,73;0,463855;0,608903;0,774881;0,8097;1,9107;3,5147;1,0628;2,5082;4,6138;1,3525;3,1919;5,8715
420540705000009;4205407001;Centro;Centro/Sede;698;11152,25;0,463855;0,580453;0,704164;0,8762;2,0677;3,8035;1,0964;2,5875;4,7596;1,3301;3,1389;5,774
420540705000010;4205407001;Centro;Centro/Sede;494;8075,67;0,463855;0,526881;0,580181;0,6201;1,4634;2,6919;0,7044;1,6622;3,0577;0,7756;1,8304;3,367
420540705000013;4205407001;Centro;Centro/Sede;35;10244,32;0,463855;0,565853;0,669185;0,0439;0,1037;0,1907;0,0536;0,1265;0,2327;0,0634;0,1496;0,2751
420540705000014;4205407001;Centro;Centro/Sede;519;9518,64;0,463855;0,553517;0,640326;0,6515;1,5375;2,8281;0,7774;1,8346;3,3748;0,8993;2,1224;3,9041
420540705000015;4205407001;Centro;Centro/Sede;716;9899,39;0,463855;0,560069;0,655573;0,8988;2,121;3,9016;1,0852;2,561;4,7109;1,2703;2,9977;5,5142
420540705000016;4205407001;Centro;Centro/Sede;446;7584,59;0,463855;0,517057;0,558747;0,5599;1,3212;2,4303;0,6241;1,4727;2,7091;0,6744;1,5915;2,9275
420540705000017;4205407001;Centro;Centro/Sede;319;6787,94;0,463855;0,500127;0,522756;0,4004;0,945;1,7383;0,4317;1,0189;1,8742;0,4513;1,065;1,959
420540705000018;4205407001;Centro;Centro/Sede;320;8024,99;0,463855;0,525886;0,577993;0,4017;0,9479;1,7437;0,4554;1,0747;1,9769;0,5005;1,1812;2,1728
420540705000019;4205407001;Centro;Centro/Sede;240;6457,79;0,463855;0,492701;0,507349;0,3013;0,711;1,3078;0,32;0,7552;1,3891;0,3295;0,7776;1,4304
420540705000020;4205407001;Centro;Centro/Sede;298;4963,2;0,463855;0,455289;0,433225;0,3741;0,8828;1,6239;0,3672;0,8665;1,5939;0,3494;0,8245;1,5166
420540705000022;4205407001;Centro;Centro/Sede;254;4615,06;0,463855;0,445463;0,414727;0,3188;0,7524;1,3841;0,3062;0,7226;1,3292;0,2851;0,6727;1,2375
420540705000023;4205407001;Centro;Centro/Sede;411;5966,77;0,463855;0,48115;0,483838;0,5159;1,2175;2,2396;0,5352;1,2629;2,3231;0,5381;1,27;2,3361
420540705000026;4205407001;Centro;Centro/Sede;301;6290,41;0,463855;0,488835;0,499417;0,3778;0,8917;1,6402;0,3982;0,9397;1,7285;0,4068;0,96;1,766
420540705000027;4205407001;Centro;Centro/Sede;574;9950,05;0,463855;0,560927;0,657584;0,7205;1,7004;3,1278;0,8713;2,0562;3,7824;1,0215;2,4105;4,4342
420540705000031;4205407001;Centro;Centro/Sede;330;10588,95;0,463855;0,571498;0,682602;0,4142;0,9776;1,7982;0,5104;1,2044;2,2155;0,6096;1,4386;2,6463
420540705000032;4205407001;Centro;Centro/Sede;416;10008,9;0,463855;0,56192;0,659915;0,5222;1,2323;2,2669;0,6326;1,4929;2,7461;0,7429;1,7532;3,225
420540705000034;4205407001;Centro;Centro/Sede;481;13091,63;0,463855;0,609055;0,775269;0,6038;1,4249;2,6211;0,7928;1,8709;3,4415;1,0091;2,3815;4,3808
420540705000035;4205407001;Centro;Centro/Sede;438;18163,01;0,463855;0,671916;0,943558;0,5498;1,2975;2,3868;0,7964;1,8795;3,4573;1,1184;2,6393;4,8551
420540705000036;4205407001;Centro;Centro/Sede;770;20077,3;0,463855;0,692421;1,0;0,9666;2,281;4,1959;1,4428;3,405;6,2634;2,0838;4,9175;9,0457
420540705000037;4205407001;Centro;Centro/Sede;684;23107,5;0,463855;0,722245;1,0;0,8586;2,0262;3,7273;1,3369;3,155;5,8035;1,851;4,3683;8,0354
420540705000038;4205407001;Centro;Centro/Sede;671;22678,51;0,463855;0,718196;1,0;0,8423;1,9877;3,6564;1,3041;3,0776;5,6613;1,8159;4,2852;7,8827
420540705000039;4205407001;Centro;Centro/Sede;546;15089,11;0,463855;0,635562;0,844217;0,6854;1,6174;2,9753;0,9391;2,2162;4,0766;1,2474;2,9437;5,415
420540705000040;4205407001;Centro;Centro/Sede;502;19294,97;0,463855;0,684214;0,978414;0,6301;1,4871;2,7355;0,9295;2,1936;4,035;1,3292;3,1367;5,77
420540705000041;4205407001;Centro;Centro/Sede;972;15941,62;0,463855;0,646128;0,87252;1,2201;2,8794;5,2966;1,6996;4,0109;7,378;2,2951;5,4162;9,9631
420540705000042;4205407001;Centro;Centro/Sede;353;8040,69;0,463855;0,526195;0,578671;0,4431;1,0457;1,9236;0,5027;1,1862;2,1821;0,5528;1,3045;2,3997
420540705000043;4205407001;Centro;Centro/Sede;403;19191,26;0,463855;0,683108;0,975255;0,5059;1,1938;2,196;0,745;1,7581;3,234;1,0636;2,51;4,6172
420540705000044;4205407001;Centro;Centro/Sede;347;14585,58;0,463855;0,629123;0,8272;0,4356;1,0279;1,8909;0,5908;1,3942;2,5646;0,7768;1,8331;3,372
420540705000045;4205407001;Centro;Centro/Sede;267;13014,36;0,463855;0,607975;0,77252;0,3352;0,7909;1,4549;0,4393;1,0367;1,907;0,5582;1,3173;2,4231
420540705000046;4205407001;Centro;Centro/Sede;676;12955,16;0,463855;0,607144;0,77041;0,8486;2,0025;3,6837;1,1107;2,6211;4,8216;1,4094;3,326;6,1181
420540705000047;4205407001;Centro;Centro/Sede;767;15649,42;0,463855;0,642552;0,862889;0,9628;2,2721;4,1795;1,3337;3,1474;5,7897;1,7911;4,2267;7,775
420540705000048;4205407001;Centro;Centro/Sede;677;12443,17;0,463855;0,599843;0,751995;0,8498;2,0055;3,6891;1,099;2,5935;4,7707;1,3777;3,2513;5,9807
420540705000049;4205407001;Centro;Centro/Sede;217;12108,83;0,463855;0,594962;0,739805;0,2724;0,6428;1,1825;0,3494;0,8245;1,5167;0,4344;1,0252;1,8859
420540705000050;4205407001;Centro;Centro/Sede;262;14432,54;0,463855;0,627136;0,821981;0,3289;0,7761;1,4277;0,4447;1,0493;1,9303;0,5828;1,3754;2,53
420540705000051;4205407001;Centro;Centro/Sede;322;7603,23;0,463855;0,517438;0,559571;0,4042;0,9539;1,7546;0,4509;1,0641;1,9573;0,4876;1,1507;2,1167
420540705000052;4205407001;Centro;Centro/Sede;227;6226,28;0,463855;0,487335;0,496356;0,2849;0,6725;1,237;0,2994;0,7065;1,2996;0,3049;0,7196;1,3236
420540705000053;4205407001;Centro;Centro/Sede;441;6407,76;0,463855;0,491553;0,504987;0,5536;1,3064;2,4031;0,5866;1,3844;2,5466;0,6027;1,4222;2,6162
420540705000054;4205407001;Centro;Centro/Sede;289;8253,21;0,463855;0,530329;0,5878;0,3628;0,8561;1,5748;0,4148;0,9788;1,8005;0,4597;1,0849;1,9956
420540705000055;4205407001;Centro;Centro/Sede;240;5245,35;0,463855;0,462904;0,447838;0,3013;0,711;1,3078;0,3006;0,7095;1,3051;0,2909;0,6864;1,2627
420540705000056;4205407001;Centro;Centro/Sede;608;8682,76;0,463855;0,538463;0,605969;0,7632;1,8011;3,3131;0,886;2,0908;3,846;0,997;2,3529;4,3282
420540705000057;4205407001;Centro;Centro/Sede;721;11323,91;0,463855;0,583119;0,710647;0,9051;2,1358;3,9289;1,1378;2,685;4,9391;1,3866;3,2722;6,0192
420540705000058;4205407001;Centro;Centro/Sede;203;14192,12;0,463855;0,623983;0,813738;0,2548;0,6014;1,1062;0,3428;0,8089;1,4881;0,447;1,055;1,9406
420540705000059;4205407001;Centro;Centro/Sede;268;16537,17;0,463855;0,653276;0,891934;0,3364;0,7939;1,4604;0,4738;1,1181;2,0568;0,6469;1,5266;2,8081
420540705000060;4205407001;Centro;Centro/Sede;474;13840,82;0,463855;0,619309;0,801592;0,595;1,4041;2,5829;0,7944;1,8747;3,4486;1,0282;2,4265;4,4636
420540705000061;4205407001;Centro;Centro/Sede;446;16523,33;0,463855;0,653112;0,891486;0,5599;1,3212;2,4303;0,7883;1,8603;3,422;1,076;2,5392;4,6709
420540705000062;4205407001;Centro;Centro/Sede;433;10837,98;0,463855;0,575497;0,69219;0,5435;1,2827;2,3595;0,6744;1,5914;2,9274;0,8111;1,9141;3,521
420540705000063;4205407001;Centro;Centro/Sede;389;12968,69;0,463855;0,607334;0,770892;0,4883;1,1523;2,1197;0,6393;1,5088;2,7754;0,8115;1,9151;3,5229
420540705000064;4205407001;Centro;Centro/Sede;345;14227,08;0,463855;0,624444;0,81494;0,4331;1,022;1,88;0,583;1,3758;2,5308;0,7609;1,7955;3,3029
420540705000065;4205407001;Centro;Centro/Sede;620;17361,74;0,463855;0,662883;0,918358;0,7783;1,8366;3,3785;1,1122;2,6247;4,8281;1,5409;3,6363;6,6889
420540705000066;4205407001;Centro;Centro/Sede;549;12654,03;0,463855;0,602875;0,759615;0,6891;1,6263;2,9916;0,8957;2,1137;3,8882;1,1286;2,6633;4,8991
420540705000067;4205407001;Centro;Centro/Sede;552;12261,77;0,463855;0,597207;0,745398;0,6929;1,6352;3,008;0,8921;2,1053;3,8727;1,1135;2,6277;4,8337
420540705000068;4205407001;Centro;Centro/Sede;499;12459,28;0,463855;0,600076;0,752579;0,6264;1,4782;2,7192;0,8103;1,9123;3,5177;1,0163;2,3983;4,4117
420540705000069;4205407001;Centro;Centro/Sede;268;28213,33;0,463855;0,766823;1,0;0,3364;0,7939;1,4604;0,5561;1,3124;2,4142;0,7253;1,7115;3,1484
420540705000070;4205407001;Centro;Centro/Sede;523;1582,43;0,463855;0,323114;0,218198;0,6565;1,5493;2,8499;0,4573;1,0792;1,9852;0,3088;0,7288;1,3406
420540705000074;4205407001;Centro;Centro/Sede;520;4448,72;0,463855;0,440584;0,405693;0,6527;1,5404;2,8336;0,62;1,4631;2,6914;0,5709;1,3473;2,4783
420540705000075;4205407001;Centro;Centro/Sede;790;3948,27;0,463855;0,42509;0,377659;0,9917;2,3402;4,3049;0,9088;2,1447;3,9451;0,8074;1,9054;3,5049
420540705000076;4205407001;Centro;Centro/Sede;517;2671,19;0,463855;0,378068;0,29873;0,649;1,5315;2,8172;0,529;1,2483;2,2962;0,418;0,9863;1,8143
420540705000077;4205407001;Centro;Centro/Sede;781;1952,25;0,463855;0,344127;0,247501;0,9804;2,3136;4,2558;0,7273;1,7164;3,1573;0,5231;1,2345;2,2708
420540705000079;4205407001;Centro;Centro/Sede;246;6484,33;0,463855;0,493308;0,508599;0,3088;0,7287;1,3405;0,3284;0,775;1,4256;0,3386;0,799;1,4698
420540705000081;4205407001;Centro;Centro/Sede;568;9528,6;0,463855;0,553691;0,640728;0,713;1,6826;3,0952;0,8511;2,0085;3,6946;0,9849;2,3242;4,2754
420540705000082;4205407001;Centro;Centro/Sede;600;7721,99;0,463855;0,519849;0,564799;0,7532;1,7774;3,2695;0,8441;1,992;3,6642;0,9171;2,1642;3,981
420540705000083;4205407001;Centro;Centro/Sede;570;8623,83;0,463855;0,537364;0,603498;0,7155;1,6885;3,106;0,8289;1,9561;3,5983;0,9309;2,1969;4,0411
420540705000084;4205407001;Centro;Centro/Sede;836;5767,33;0,463855;0,476268;0,474068;1,0494;2,4765;4,5555;1,0775;2,5428;4,6774;1,0725;2,531;4,6558
420540705000085;4205407001;Centro;Centro/Sede;651;4648,07;0,463855;0,446417;0,416504;0,8172;1,9285;3,5474;0,7865;1,856;3,4141;0,7338;1,7316;3,1853
420540705000086;4205407002;Agronômica;Centro/Sede;320;11247,76;0,463855;0,58194;0,707776;0,4017;0,9479;1,7437;0,5039;1,1893;2,1877;0,6129;1,4464;2,6607
420540705000087;4205407002;Agronômica;Centro/Sede;413;13637,15;0,463855;0,616561;0,794493;0,5184;1,2234;2,2505;0,6891;1,6262;2,9914;0,888;2,0955;3,8547
420540705000088;4205407002;Agronômica;Centro/Sede;771;19005,63;0,463855;0,681119;0,969584;0,9678;2,284;4,2013;1,4211;3,3537;6,1692;2,023;4,7741;8,782
420540705000089;4205407002;Agronômica;Centro/Sede;512;16212,74;0,463855;0,649405;0,881394;0,6427;1,5167;2,79;0,8998;2,1234;3,906;1,2212;2,882;5,3014
420540705000090;4205407002;Agronômica;Centro/Sede;647;17171,57;0,463855;0,660696;0,912309;0,8122;1,9166;3,5256;1,1568;2,73;5,0218;1,5974;3,7696;6,9342
420540705000092;4205407002;Agronômica;Centro/Sede;518;13214,13;0,463855;0,610759;0,779613;0,6502;1,5345;2,8227;0,8562;2,0205;3,7166;1,0929;2,5791;4,7442
420540705000093;4205407002;Agronômica;Centro/Sede;1338;2439,1;0,463855;0,367898;0,282875;1,6796;3,9636;7,291;1,3321;3,1437;5,7828;1,0243;2,4171;4,4463
420540705000094;4205407002;Agronômica;Centro/Sede;633;5814,6;0,463855;0,477435;0,476396;0,7946;1,8752;3,4493;0,8179;1,9301;3,5503;0,8161;1,9259;3,5426
420540705000095;4205407002;Agronômica;Centro/Sede;623;9913,34;0,463855;0,560305;0,656127;0,782;1,8455;3,3949;0,9446;2,2293;4,1008;1,1062;2,6105;4,8021
420540705000096;4205407002;Agronômica;Centro/Sede;682;8427,94;0,463855;0,533673;0,595236;0,8561;2,0203;3,7164;0,985;2,3244;4,2757;1,0986;2,5925;4,769
420540705000097;4205407002;Agronômica;Centro/Sede;642;6861,85;0,463855;0,501754;0,526164;0,8059;1,9018;3,4984;0,8717;2,0572;3,7842;0,9141;2,1573;3,9683
420540705000102;4205407002;Agronômica;Centro/Sede;547;8111,47;0,463855;0,52758;0,581722;0,6866;1,6204;2,9807;0,781;1,843;3,3902;0,8611;2,0321;3,7381
420540705000104;4205407002;Agronômica;Centro/Sede;2074;6946,18;0,463855;0,503596;0,530034;2,6034;6,1439;11,3017;2,8265;6,6703;12,2699;2,9749;7,0204;12,9141
420540705000107;4205407086;Trindade;Centro/Sede;714;6574,0;0,463855;0,495345;0,512807;0,8963;2,1151;3,8907;0,9571;2,2587;4,1549;0,9909;2,3383;4,3013
420540705000108;4205407086;Trindade;Centro/Sede;1007;8021,46;0,463855;0,525817;0,577841;1,2641;2,9831;5,4874;1,4329;3,3816;6,2204;1,5747;3,7161;6,8358
420540705000109;4205407086;Trindade;Centro/Sede;633;4978,26;0,463855;0,455703;0,434013;0,7946;1,8752;3,4493;0,7806;1,8422;3,3887;0,7435;1,7545;3,2274
420540705000110;4205407086;Trindade;Centro/Sede;482;5255,3;0,463855;0,463167;0,448347;0,605;1,4278;2,6265;0,6041;1,4257;2,6226;0,5848;1,3801;2,5387
420540705000111;4205407086;Trindade;Centro/Sede;247;6250,3;0,463855;0,487898;0,497504;0,3101;0,7317;1,346;0,3261;0,7696;1,4157;0,3325;0,7848;1,4436
420540705000112;4205407086;Trindade;Centro/Sede;526;5094,11;0,463855;0,458859;0,440045;0,6603;1,5582;2,8663;0,6532;1,5414;2,8354;0,6264;1,4782;2,7192
420540705000113;4205407086;Trindade;Centro/Sede;839;4933,14;0,463855;0,45446;0,431648;1,0532;2,4854;4,5719;1,0318;2,4351;4,4793;0,9801;2,3128;4,2544
420540705000114;4205407086;Trindade;Centro/Sede;440;10012,97;0,463855;0,561989;0,660076;0,5523;1,3034;2,3977;0,6692;1,5792;2,9049;0,786;1,8548;3,4119
420540705000115;4205407086;Trindade;Centro/Sede;778;6920,4;0,463855;0,503035;0,528853;0,9766;2,3047;4,2395;1,0591;2,4994;4,5976;1,1135;2,6276;4,8335
420540705000116;4205407086;Trindade;Centro/Sede;526;5715,72;0,463855;0,474985;0,471518;0,6603;1,5582;2,8663;0,6761;1,5956;2,9351;0,6712;1,5839;2,9136
420540705000117;4205407086;Trindade;Centro/Sede;710;9264,28;0,463855;0,549038;0,630004;0,8912;2,1033;3,8689;1,0549;2,4895;4,5794;1,2105;2,8566;5,2548
420540705000118;4205407086;Trindade;Centro/Sede;514;5991,79;0,463855;0,481754;0,485054;0,6452;1,5226;2,8009;0,6701;1,5814;2,909;0,6747;1,5922;2,9289
420540705000119;4205407002;Agronômica;Centro/Sede;7;6946,18;0,463855;0,503596;0,530034;0,0088;0,0207;0,0381;0,0095;0,0225;0,0414;0,01;0,0237;0,0436
420540705000120;4205407005;João Paulo;Centro/Sede;825;12621,42;0,463855;0,602409;0,75844;1,0356;2,4439;4,4956;1,3449;3,1739;5,8384;1,6933;3,996;7,3507
420540705000122;4205407005;João Paulo;Centro/Sede;759;6834,92;0,463855;0,501163;0,524924;0,9528;2,2484;4,1359;1,0294;2,4293;4,4686;1,0782;2,5444;4,6805
420540705000123;4205407005;João Paulo;Centro/Sede;656;12319,85;0,463855;0,598054;0,747514;0,8235;1,9433;3,5747;1,0617;2,5055;4,6089;1,327;3,1317;5,7607
420540705000124;4205407005;João Paulo;Centro/Sede;856;6994,77;0,463855;0,50465;0,532255;1,0745;2,5358;4,6645;1,169;2,7588;5,0748;1,233;2,9097;5,3524
420540705000126;4205407005;João Paulo;Centro/Sede;211;20245,15;0,463855;0,694153;1,0;0,2649;0,6251;1,1498;0,3964;0,9354;1,7206;0,571;1,3475;2,4788
420540705000133;4205407088;Monte Verde;Centro/Sede;892;2665,68;0,463855;0,377834;0,29836;1,1197;2,6424;4,8607;0,9121;2,1524;3,9593;0,7202;1,6996;3,1265
420540705000134;4205407088;Monte Verde;Centro/Sede;323;4775,65;0,463855;0,450058;0,423327;0,4055;0,9568;1,7601;0,3934;0,9284;1,7077;0,37;0,8732;1,6063
420540705000135;4205407088;Monte Verde;Centro/Sede;725;3458,3;0,463855;0,408524;0,348798;0,9101;2,1477;3,9507;0,8015;1,8915;3,4794;0,6843;1,615;2,9707
420540705000137;4205407088;Monte Verde;Centro/Sede;786;3564,23;0,463855;0,412238;0,355169;0,9866;2,3284;4,2831;0,8769;2,0693;3,8065;0,7555;1,7828;3,2795
420540705000138;4205407088;Monte Verde;Centro/Sede;1315;2769,21;0,463855;0,382178;0,30526;1,6507;3,8955;7,1657;1,36;3,2095;5,9039;1,0863;2,5636;4,7157
420540705000139;4205407088;Monte Verde;Centro/Sede;881;2855,91;0,463855;0,385729;0,310959;1,1059;2,6098;4,8008;0,9196;2,1703;3,9922;0,7414;1,7496;3,2183
420540705000141;4205407087;Itacorubi;Centro/Sede;731;5706,57;0,463855;0,474757;0,471065;0,9176;2,1655;3,9834;0,9392;2,2164;4,077;0,9319;2,1991;4,0453
420540705000142;4205407087;Itacorubi;Centro/Sede;906;4547,12;0,463855;0,443486;0,411053;1,1373;2,6839;4,937;1,0873;2,566;4,7202;1,0078;2,3784;4,375
420540705000143;4205407087;Itacorubi;Centro/Sede;635;8268,6;0,463855;0,530626;0,588458;0,7971;1,8811;3,4602;0,9118;2,1519;3,9583;1,0112;2,3864;4,3898
420540705000144;4205407087;Itacorubi;Centro/Sede;324;17908,15;0,463855;0,669074;0,935592;0,4067;0,9598;1,7655;0,5866;1,3844;2,5467;0,8203;1,9359;3,5611
420540705000147;4205407087;Itacorubi;Centro/Sede;530;11083,17;0,463855;0,579372;0,701543;0,6653;1,57;2,8881;0,831;1,961;3,6073;1,0062;2,3746;4,368
420540705000148;4205407087;Itacorubi;Centro/Sede;208;13359,52;0,463855;0,612768;0,784749;0,2611;0,6162;1,1334;0,3449;0,814;1,4973;0,4417;1,0424;1,9175
420540705000149;4205407087;Itacorubi;Centro/Sede;233;5950,0;0,463855;0,480744;0,483021;0,2925;0,6902;1,2697;0,3031;0,7154;1,3159;0,3046;0,7187;1,3221
420540705000150;4205407087;Itacorubi;Centro/Sede;257;4893,14;0,463855;0,453351;0,429545;0,3226;0,7613;1,4004;0,3153;0,7441;1,3687;0,2987;0,705;1,2969
420540705000152;4205407087;Itacorubi;Centro/Sede;435;6130,83;0,463855;0,485081;0,491776;0,546;1,2886;2,3704;0,571;1,3476;2,4789;0,5789;1,3662;2,5131
420540705000153;4205407087;Itacorubi;Centro/Sede;675;7209,22;0,463855;0,509243;0,541987;0,8473;1,9996;3,6782;0,9302;2,1952;4,0381;0,99;2,3364;4,2978
420540705000157;4205407087;Itacorubi;Centro/Sede;650;10825,3;0,463855;0,575295;0,691704;0,8159;1,9255;3,542;1,012;2,3881;4,3929;1,2167;2,8713;5,2818
420540705000158;4205407009;Córrego Grande;Centro/Sede;1126;9595,82;0,463855;0,55486;0,643436;1,4134;3,3356;6,1358;1,6907;3,99;7,3396;1,9607;4,627;8,5113
420540705000159;4205407009;Córrego Grande;Centro/Sede;761;14342,4;0,463855;0,625958;0,818897;0,9553;2,2543;4,1468;1,2891;3,0422;5,596;1,6864;3,9798;7,3209
420540705000160;4205407016;Santa Mônica;Centro/Sede;558;11015,36;0,463855;0,578307;0,698965;0,7004;1,653;3,0407;0,8733;2,0608;3,7909;1,0555;2,4908;4,5818
420540705000161;4205407016;Santa Mônica;Centro/Sede;503;9384,55;0,463855;0,551166;0,634898;0,6314;1,4901;2,741;0,7503;1,7705;3,2569;0,8642;2,0395;3,7517
420540705000162;4205407016;Santa Mônica;Centro/Sede;311;10208,0;0,463855;0,56525;0,66776;0,3904;0,9213;1,6947;0,4757;1,1227;2,0652;0,562;1,3263;2,4397
420540705000164;4205407086;Trindade;Centro/Sede;767;7348,81;0,463855;0,512181;0,54826;0,9628;2,2721;4,1795;1,0631;2,5088;4,615;1,138;2,6856;4,9401
420540705000165;4205407086;Trindade;Centro/Sede;644;6809,36;0,463855;0,5006;0,523745;0,8084;1,9077;3,5093;0,8724;2,0589;3,7873;0,9128;2,1541;3,9624
420540705000166;4205407086;Trindade;Centro/Sede;874;7715,48;0,463855;0,519718;0,564513;1,0971;2,5891;4,7626;1,2292;2,9009;5,3362;1,3352;3,1509;5,7961
420540705000167;4205407086;Trindade;Centro/Sede;428;6961,63;0,463855;0,503932;0,530741;0,5373;1,2679;2,3323;0,5837;1,3774;2,5338;0,6147;1,4507;2,6686
420540705000169;4205407086;Trindade;Centro/Sede;451;6892,98;0,463855;0,502436;0,527595;0,5661;1,336;2,4576;0,6132;1,4471;2,662;0,6439;1,5196;2,7953
420540705000170;4205407086;Trindade;Centro/Sede;194;4149,77;0,463855;0,431485;0,389108;0,2435;0,5747;1,0571;0,2265;0,5346;0,9834;0,2043;0,4821;0,8868
420540705000171;4205407086;Trindade;Centro/Sede;453;5000,37;0,463855;0,456309;0,435168;0,5686;1,3419;2,4685;0,5594;1,3201;2,4283;0,5335;1,2589;2,3158
420540705000173;4205407086;Trindade;Centro/Sede;341;5602,38;0,463855;0,47214;0,465886;0,428;1,0102;1,8582;0,4357;1,0282;1,8914;0,4299;1,0146;1,8663
420540705000174;4205407083;Saco dos Limões;Centro/Sede;506;4995,26;0,463855;0,456169;0,434902;0,6352;1,4989;2,7573;0,6246;1,4741;2,7116;0,5955;1,4054;2,5852
420540705000175;4205407083;Saco dos Limões;Centro/Sede;927;6665,15;0,463855;0,497395;0,517061;1,1636;2,7461;5,0514;1,2478;2,9446;5,4167;1,2971;3,0611;5,6308
420540705000176;4205407083;Saco dos Limões;Centro/Sede;879;8777,74;0,463855;0,540223;0,609938;1,1034;2,6039;4,7899;1,285;3,0326;5,5785;1,4509;3,4239;6,2983
420540705000178;4205407010;Pantanal;Centro/Sede;505;3654,79;0,463855;0,415353;0,360557;0,6339;1,496;2,7518;0,5676;1,3396;2,4641;0,4927;1,1628;2,139
420540705000181;4205407009;Córrego Grande;Centro/Sede;505;5535,73;0,463855;0,470447;0,462552;0,6339;1,496;2,7518;0,6429;1,5172;2,791;0,6321;1,4918;2,7441
420540705000182;4205407009;Córrego Grande;Centro/Sede;594;7708,51;0,463855;0,519577;0,564207;0,7456;1,7596;3,2368;0,8352;1,971;3,6257;0,9069;2,1403;3,9371
420540705000183;4205407009;Córrego Grande;Centro/Sede;439;8960,32;0,463855;0,54357;0,617519;0,5511;1,3005;2,3922;0,6458;1,524;2,8033;0,7336;1,7313;3,1847
420540705000184;4205407009;Córrego Grande;Centro/Sede;434;6760,57;0,463855;0,499521;0,52149;0,5448;1,2857;2,365;0,5867;1,3845;2,5468;0,6125;1,4454;2,6588
420540705000185;4205407009;Córrego Grande;Centro/Sede;498;6359,78;0,463855;0,490446;0,502714;0,6251;1,4752;2,7137;0,661;1,5598;2,8693;0,6775;1,5988;2,941
420540705000186;4205407009;Córrego Grande;Centro/Sede;626;7011,25;0,463855;0,505007;0,533008;0,7858;1,8544;3,4112;0,8555;2,0189;3,7138;0,903;2,1309;3,9198
420540705000189;4205407009;Córrego Grande;Centro/Sede;808;8252,22;0,463855;0,53031;0,587758;1,0143;2,3936;4,403;1,1596;2,7365;5,0338;1,2852;3,0329;5,5791
420540705000190;4205407009;Córrego Grande;Centro/Sede;650;8832,25;0,463855;0,541228;0,612208;0,8159;1,9255;3,542;0,952;2,2467;4,1328;1,0769;2,5414;4,6748
420540705000193;4205407010;Pantanal;Centro/Sede;684;9773,08;0,463855;0,557915;0,650541;0,8586;2,0262;3,7273;1,0327;2,4371;4,4831;1,2042;2,8417;5,2274
420540705000195;4205407010;Pantanal;Centro/Sede;537;4679,4;0,463855;0,447317;0,418187;0,6741;1,5908;2,9262;0,6501;1,5341;2,8219;0,6077;1,4342;2,6381
420540705000198;4205407011;Costeira do Pirajubaé;Centro/Sede;997;2365,87;0,463855;0,364549;0,277748;1,2515;2,9534;5,4329;0,9836;2,3212;4,2697;0,7494;1,7685;3,2531
420540705000199;4205407011;Costeira do Pirajubaé;Centro/Sede;1164;2710,46;0,463855;0,379727;0,301357;1,4611;3,4482;6,3429;1,1961;2,8228;5,1925;0,9493;2,2402;4,1208
420540705000200;4205407011;Costeira do Pirajubaé;Centro/Sede;922;4303,29;0,463855;0,436213;0,397682;1,1574;2,7313;5,0242;1,0884;2,5685;4,7248;0,9923;2,3416;4,3074
420540705000201;4205407011;Costeira do Pirajubaé;Centro/Sede;791;4222,22;0,463855;0,433731;0,39317;0,9929;2,3432;4,3103;0,9284;2,191;4,0304;0,8416;1,9861;3,6535
420540705000205;4205407011;Costeira do Pirajubaé;Centro/Sede;1240;2557,51;0,463855;0,373168;0,291036;1,5565;3,6733;6,757;1,2522;2,9551;5,436;0,9766;2,3047;4,2395
420540705000208;4205407083;Saco dos Limões;Centro/Sede;899;6347,44;0,463855;0,49016;0,502129;1,1285;2,6631;4,8988;1,1925;2,8142;5,1767;1,2216;2,8829;5,3031
420540705000211;4205407083;Saco dos Limões;Centro/Sede;290;6166,32;0,463855;0,485922;0,493482;0,364;0,8591;1,5803;0,3813;0,8999;1,6554;0,3873;0,9139;1,6812
420540705000212;4205407083;Saco dos Limões;Centro/Sede;380;5407,14;0,463855;0,467142;0,456075;0,477;1,1257;2,0707;0,4804;1,1337;2,0854;0,469;1,1068;2,036
420540705000213;4205407083;Saco dos Limões;Centro/Sede;748;6386,17;0,463855;0,491056;0,503965;0,9389;2,2158;4,076;0,994;2,3458;4,315;1,0201;2,4074;4,4285
420540705000215;4205407083;Saco dos Limões;Centro/Sede;565;2918,6;0,463855;0,38825;0,315036;0,7092;1,6737;3,0788;0,5936;1,4009;2,577;0,4817;1,1367;2,091
420540705000216;4205407083;Saco dos Limões;Centro/Sede;902;2722,93;0,463855;0,38025;0,302189;1,1323;2,672;4,9152;0,9282;2,1904;4,0293;0,7376;1,7408;3,2021
420540705000217;4205407083;Saco dos Limões;Centro/Sede;664;4529,96;0,463855;0,442983;0,410122;0,8335;1,967;3,6183;0,796;1,8785;3,4555;0,737;1,7391;3,1991
420540705000218;4205407083;Saco dos Limões;Centro/Sede;831;3861,23;0,463855;0,422256;0,372642;1,0431;2,4617;4,5283;0,9496;2,2409;4,1222;0,838;1,9776;3,6378
420540705000219;4205407012;José Mendes;Centro/Sede;597;4193,32;0,463855;0,432839;0,391553;0,7494;1,7685;3,2532;0,6993;1,6503;3,0356;0,6326;1,4929;2,7461
420540705000220;4205407012;José Mendes;Centro/Sede;701;5638,32;0,463855;0,473046;0,467677;0,8799;2,0766;3,8199;0,8974;2,1177;3,8956;0,8872;2,0937;3,8514
420540705000223;4205407018;Estreito;Continente;754;6611,14;0,463855;0,496183;0,514543;0,9465;2,2336;4,1087;1,0124;2,3893;4,3951;1,0499;2,4777;4,5577
420540705000224;4205407018;Estreito;Continente;729;8175,18;0,463855;0,52882;0,58446;0,9151;2,1595;3,9725;1,0433;2,462;4,5288;1,153;2,721;5,0053
420540705000225;4205407018;Estreito;Continente;646;6616,83;0,463855;0,496311;0,514809;0,8109;1,9137;3,5202;0,8676;2,0476;3,7665;0,9;2,1239;3,9069
420540705000229;4205407018;Estreito;Continente;846;6727,42;0,463855;0,498785;0,519954;1,062;2,5061;4,61;1,1419;2,6949;4,9572;1,1904;2,8092;5,1676
420540705000230;4205407018;Estreito;Continente;598;5005,48;0,463855;0,456449;0,435435;0,7507;1,7715;3,2586;0,7387;1,7432;3,2066;0,7047;1,6629;3,059
420540705000231;4205407018;Estreito;Continente;396;5568,74;0,463855;0,471287;0,464205;0,4971;1,1731;2,1579;0,5051;1,1919;2,1925;0,4975;1,174;2,1595
420540705000234;4205407028;Canto;Continente;533;5525,4;0,463855;0,470184;0,462034;0,6691;1,5789;2,9044;0,6782;1,6005;2,9441;0,6664;1,5727;2,893
420540705000235;4205407028;Canto;Continente;723;8142,45;0,463855;0,528184;0,583054;0,9076;2,1418;3,9398;1,0334;2,4388;4,4862;1,1408;2,6922;4,9522
420540705000236;4205407028;Canto;Continente;464;6468,22;0,463855;0,49294;0,50784;0,5824;1,3745;2,5284;0,619;1,4607;2,687;0,6377;1,5049;2,7682
420540705000237;4205407028;Canto;Continente;672;7148,84;0,463855;0,50796;0,539259;0,8435;1,9907;3,6619;0,9238;2,18;4,0101;0,9807;2,3143;4,2571
420540705000238;4205407028;Canto;Continente;705;5604,07;0,463855;0,472182;0,46597;0,885;2,0884;3,8417;0,9009;2,1259;3,9107;0,889;2,098;3,8592
420540705000240;4205407028;Canto;Continente;703;10128,64;0,463855;0,563928;0,66464;0,8825;2,0825;3,8308;1,0728;2,5318;4,6573;1,2644;2,984;5,489
420540705000242;4205407027;Balneário;Continente;715;7334,14;0,463855;0,511874;0,547603;0,8975;2,1181;3,8962;0,9904;2,3373;4,2995;1,0596;2,5005;4,5996
420540705000243;4205407027;Balneário;Continente;704;4829,9;0,463855;0,451586;0,426205;0,8837;2,0855;3,8362;0,8603;2,0303;3,7348;0,812;1,9162;3,5249
420540705000244;4205407027;Balneário;Continente;557;6518,74;0,463855;0,494092;0,510216;0,6992;1,65;3,0352;0,7448;1,7576;3,2331;0,7691;1,8149;3,3386
420540705000245;4205407027;Balneário;Continente;679;7313,8;0,463855;0,511448;0,546691;0,8523;2,0114;3,7;0,9398;2,2178;4,0796;1,0045;2,3706;4,3608
420540705000248;4205407027;Balneário;Continente;724;11430,73;0,463855;0,584764;0,714662;0,9088;2,1447;3,9452;1,1457;2,7038;4,9736;1,4002;3,3044;6,0784
420540705000249;4205407027;Balneário;Continente;492;6673,89;0,463855;0,497591;0,517468;0,6176;1,4575;2,681;0,6625;1,5635;2,876;0,689;1,6259;2,9909
420540705000250;4205407026;Jardim Atlântico;Continente;636;3382,99;0,463855;0,405834;0,34422;0,7984;1,884;3,4657;0,6985;1,6484;3,0322;0,5924;1,3981;2,5718
420540705000251;4205407026;Jardim Atlântico;Continente;785;5455,17;0,463855;0,468383;0,458502;0,9854;2,3254;4,2776;0,995;2,3481;4,3194;0,974;2,2986;4,2283
420540705000252;4205407026;Jardim Atlântico;Continente;811;11796,73;0,463855;0,590319;0,728305;1,018;2,4025;4,4193;1,2956;3,0575;5,6242;1,5984;3,7721;6,9388
420540705000254;4205407026;Jardim Atlântico;Continente;717;3355,83;0,463855;0,404854;0,34256;0,9;2,124;3,9071;0,7856;1,8538;3,4101;0,6647;1,5686;2,8854
420540705000256;4205407026;Jardim Atlântico;Continente;642;3005,44;0,463855;0,39168;0,320628;0,8059;1,9018;3,4984;0,6805;1,6059;2,954;0,557;1,3146;2,4182
420540705000258;4205407026;Jardim Atlântico;Continente;389;5384,6;0,463855;0,466557;0,454934;0,4883;1,1523;2,1197;0,4911;1,1591;2,1321;0,4789;1,1302;2,079
420540705000259;4205407026;Jardim Atlântico;Continente;547;5185,08;0,463855;0,461302;0,444743;0,6866;1,6204;2,9807;0,6829;1,6115;2,9643;0,6583;1,5536;2,8579
420540705000260;4205407026;Jardim Atlântico;Continente;486;5654,57;0,463855;0,473455;0,468485;0,6101;1,4397;2,6483;0,6227;1,4695;2,7031;0,6162;1,4541;2,6748
420540705000261;4205407026;Jardim Atlântico;Continente;613;3620,08;0,463855;0,414166;0,358498;0,7695;1,8159;3,3404;0,6871;1,6214;2,9825;0,5947;1,4035;2,5817
420540705000266;4205407031;Coloninha;Continente;484;3594,21;0,463855;0,413276;0,356959;0,6076;1,4338;2,6374;0,5413;1,2774;2,3498;0,4675;1,1034;2,0296
420540705000267;4205407031;Coloninha;Continente;533;3282,29;0,463855;0,402172;0,338035;0,6691;1,5789;2,9044;0,5801;1,369;2,5182;0,4876;1,1506;2,1166
420540705000268;4205407031;Coloninha;Continente;648;4496,5;0,463855;0,441999;0,408301;0,8134;1,9196;3,5311;0,7751;1,8291;3,3647;0,716;1,6897;3,1082
420540705000270;4205407031;Coloninha;Continente;887;8232,79;0,463855;0,529935;0,586927;1,1134;2,6276;4,8334;1,272;3,0019;5,522;1,4089;3,3248;6,1159
420540705000273;4205407029;Capoeiras;Continente;593;5508,27;0,463855;0,469746;0,461174;0,7444;1,7567;3,2314;0,7538;1,779;3,2724;0,7401;1,7465;3,2127
420540705000274;4205407029;Capoeiras;Continente;716;6041,71;0,463855;0,482955;0,487475;0,8988;2,121;3,9016;0,9358;2,2084;4,0623;0,9445;2,229;4,1003
420540705000276;4205407029;Capoeiras;Continente;621;4851,87;0,463855;0,452201;0,427368;0,7795;1,8396;3,384;0,7599;1,7934;3,2989;0,7182;1,6949;3,1178
420540705000277;4205407029;Capoeiras;Continente;552;6081,41;0,463855;0,483905;0,489394;0,6929;1,6352;3,008;0,7229;1,7059;3,138;0,7311;1,7252;3,1736
420540705000278;4205407029;Capoeiras;Continente;588;5118,76;0,463855;0,459524;0,441321;0,7381;1,7419;3,2041;0,7312;1,7256;3,1742;0,7022;1,6572;3,0485
420540705000279;4205407029;Capoeiras;Continente;267;4514,96;0,463855;0,442542;0,409306;0,3352;0,7909;1,4549;0,3198;0,7546;1,3881;0,2957;0,6979;1,2838
420540705000282;4205407029;Capoeiras;Continente;723;5432,07;0,463855;0,467787;0,457336;0,9076;2,1418;3,9398;0,9153;2,1599;3,9732;0,8948;2,1117;3,8844
420540705000283;4205407029;Capoeiras;Continente;739;6354,78;0,463855;0,49033;0,502477;0,9277;2,1892;4,027;0,9806;2,3141;4,2568;1,0049;2,3714;4,3623
420540705000286;4205407029;Capoeiras;Continente;777;4449,72;0,463855;0,440614;0,405747;0,9754;2,3017;4,234;0,9265;2,1864;4,0219;0,8532;2,0134;3,7036
420540705000287;4205407029;Capoeiras;Continente;400;4618,69;0,463855;0,445568;0,414923;0,5021;1,1849;2,1797;0,4823;1,1382;2,0938;0,4491;1,0599;1,9497
420540705000288;4205407029;Capoeiras;Continente;608;5170,66;0,463855;0,460917;0,444001;0,7632;1,8011;3,3131;0,7584;1,7897;3,2921;0,7305;1,724;3,1713
420540705000289;4205407029;Capoeiras;Continente;605;4324,47;0,463855;0,436856;0,398856;0,7594;1,7922;3,2968;0,7152;1,6879;3,1049;0,653;1,5411;2,8348
420540705000290;4205407029;Capoeiras;Continente;356;5851,47;0,463855;0,478342;0,478206;0,4469;1,0546;1,9399;0,4608;1,0875;2,0005;0,4607;1,0872;1,9999
420540705000294;4205407029;Capoeiras;Continente;578;1733,84;0,463855;0,332094;0,230495;0,7256;1,7122;3,1496;0,5195;1,2259;2,255;0,3605;0,8508;1,5651
420540705000295;4205407020;Coqueiros;Continente;602;8541,7;0,463855;0,535824;0,600043;0,7557;1,7833;3,2804;0,8729;2,06;3,7894;0,9775;2,3069;4,2436
420540705000296;4205407020;Coqueiros;Continente;511;8841,67;0,463855;0,541401;0,6126;0,6414;1,5138;2,7845;0,7487;1,7668;3,2501;0,8471;1,9992;3,6775
420540705000297;4205407020;Coqueiros;Continente;457;10125,46;0,463855;0,563875;0,664515;0,5737;1,3538;2,4903;0,6974;1,6457;3,0273;0,8218;1,9394;3,5676
420540705000298;4205407020;Coqueiros;Continente;356;11111,19;0,463855;0,579811;0,702607;0,4469;1,0546;1,9399;0,5586;1,3182;2,4249;0,6769;1,5974;2,9384
420540705000302;4205407020;Coqueiros;Continente;606;9370,52;0,463855;0,550919;0,634329;0,7607;1,7952;3,3022;0,9035;2,1321;3,922;1,0403;2,4549;4,5158
420540705000303;4205407020;Coqueiros;Continente;404;9117,28;0,463855;0,546409;0,623987;0,5071;1,1968;2,2015;0,5974;1,4098;2,5933;0,6822;1,6099;2,9615
420540705000304;4205407020;Coqueiros;Continente;445;4876,75;0,463855;0,452895;0,428681;0,5586;1,3182;2,4249;0,5454;1,2871;2,3676;0,5162;1,2183;2,241
420540705000305;4205407020;Coqueiros;Continente;503;4875,92;0,463855;0,452872;0,428637;0,6314;1,4901;2,741;0,6165;1,4548;2,6761;0,5835;1,3769;2,5328
420540705000307;4205407020;Coqueiros;Continente;253;8551,67;0,463855;0,536011;0,600464;0,3176;0,7495;1,3786;0,367;0,8661;1,5931;0,4111;0,9702;1,7847
420540705000309;4205407020;Coqueiros;Continente;240;10731,38;0,463855;0,573793;0,688097;0,3013;0,711;1,3078;0,3727;0,8795;1,6178;0,4469;1,0547;1,94
420540705000310;4205407022;Itaguaçu;Continente;578;10153,99;0,463855;0,564351;0,665638;0,7256;1,7122;3,1496;0,8827;2,0832;3,832;1,0412;2,4571;4,5198
420540705000311;4205407022;Itaguaçu;Continente;616;12111,54;0,463855;0,595002;0,739905;0,7733;1,8248;3,3567;0,9919;2,3407;4,3058;1,2334;2,9108;5,3544
420540705000312;4205407022;Itaguaçu;Continente;567;7517,85;0,463855;0,515688;0,555792;0,7117;1,6796;3,0897;0,7913;1,8673;3,435;0,8528;2,0126;3,7021
420540705000313;4205407089;Bom Abrigo;Continente;616;8507,55;0,463855;0,53518;0,598603;0,7733;1,8248;3,3567;0,8922;2,1054;3,8729;0,9979;2,3549;4,3318
420540705000314;4205407089;Bom Abrigo;Continente;420;9503,11;0,463855;0,553246;0,639699;0,5272;1,2442;2,2887;0,6288;1,484;2,7297;0,7271;1,7158;3,1563
420540705000315;4205407089;Bom Abrigo;Continente;303;7216,84;0,463855;0,509404;0,542331;0,3803;0,8976;1,6511;0,4177;0,9857;1,8132;0,4447;1,0494;1,9304
420540705000319;4205407023;Abraão;Continente;423;8349,48;0,463855;0,532177;0,591905;0,531;1,2531;2,305;0,6092;1,4376;2,6445;0,6776;1,599;2,9413
420540705000320;4205407023;Abraão;Continente;686;5766,72;0,463855;0,476253;0,474038;0,8611;2,0322;3,7382;0,8841;2,0865;3,8381;0,88;2,0768;3,8202
420540705000321;4205407023;Abraão;Continente;715;6836,02;0,463855;0,501187;0,524974;0,8975;2,1181;3,8962;0,9698;2,2885;4,2098;1,0158;2,3972;4,4096
420540705000323;4205407023;Abraão;Continente;505;6117,71;0,463855;0,48477;0,491145;0,6339;1,496;2,7518;0,6625;1,5634;2,8759;0,6712;1,584;2,9137
420540705000324;4205407023;Abraão;Continente;432;1860,15;0,463855;0,339174;0,240428;0,5423;1,2797;2,3541;0,3965;0,9357;1,7213;0,2811;0,6633;1,2202
420540705000326;4205407020;Coqueiros;Continente;1016;1968,1;0,463855;0,344963;0,248705;1,2754;3,0097;5,5364;0,9485;2,2383;4,1173;0,6838;1,6137;2,9684
420540705000327;4205407020;Coqueiros;Continente;680;1901,7;0,463855;0,34143;0,243636;0,8536;2,0144;3,7055;0,6283;1,4827;2,7275;0,4483;1,058;1,9463
420540705000329;4205407020;Coqueiros;Continente;827;8489,17;0,463855;0,534833;0,597827;1,0381;2,4499;4,5065;1,197;2,8247;5,1961;1,3379;3,1574;5,8081
420540705000330;4205407029;Capoeiras;Continente;568;3269,21;0,463855;0,40169;0,337227;0,713;1,6826;3,0952;0,6174;1,4571;2,6803;0,5184;1,2233;2,2502
420540705000331;4205407029;Capoeiras;Continente;977;5238,35;0,463855;0,462719;0,447479;1,2264;2,8942;5,3239;1,2234;2,8871;5,3108;1,1831;2,792;5,1359
420540705000334;4205407030;Monte Cristo;Continente;662;2782,97;0,463855;0,382746;0,306169;0,831;1,9611;3,6074;0,6857;1,6182;2,9766;0,5485;1,2944;2,3811
420540705000335;4205407030;Monte Cristo;Continente;682;2709,5;0,463855;0,379687;0,301293;0,8561;2,0203;3,7164;0,7008;1,6537;3,042;0,5561;1,3123;2,4139
420540705000336;4205407030;Monte Cristo;Continente;615;2704,41;0,463855;0,379473;0,300954;0,772;1,8218;3,3513;0,6316;1,4904;2,7416;0,5009;1,182;2,1743
420540705000337;4205407030;Monte Cristo;Continente;1064;2034,15;0,463855;0,348396;0,25368;1,3356;3,1519;5,798;1,0032;2,3674;4,3548;0,7304;1,7238;3,1709
420540705000338;4205407030;Monte Cristo;Continente;1049;1833,12;0,463855;0,337688;0,238326;1,3168;3,1075;5,7162;0,9586;2,2623;4,1614;0,6766;1,5966;2,937
420540705000339;4205407030;Monte Cristo;Continente;748;2293,7;0,463855;0,361177;0,272633;0,9389;2,2158;4,076;0,7311;1,7253;3,1737;0,5519;1,3024;2,3957
420540705000340;4205407030;Monte Cristo;Continente;769;2128,02;0,463855;0,353144;0,26064;0,9653;2,278;4,1904;0,7349;1,7343;3,1903;0,5424;1,28;2,3546
420540705000341;4205407030;Monte Cristo;Continente;707;1604,23;0,463855;0,324443;0,219997;0,8875;2,0944;3,8526;0,6207;1,4649;2,6947;0,4209;0,9933;1,8272
420540705000342;4205407030;Monte Cristo;Continente;658;1609,26;0,463855;0,324748;0,22041;0,826;1,9492;3,5856;0,5783;1,3647;2,5103;0,3925;0,9262;1,7038
420540705000344;4205407030;Monte Cristo;Continente;913;1612,89;0,463855;0,324968;0,220708;1,1461;2,7046;4,9751;0,8029;1,8948;3,4855;0,5453;1,2869;2,3672
420540705000345;4205407006;Saco Grande;Centro/Sede;758;1822,86;0,463855;0,33712;0,237524;0,9515;2,2455;4,1305;0,6915;1,6319;3,002;0,4872;1,1498;2,1151
420540705000346;4205407020;Coqueiros;Continente;375;1747,84;0,463855;0,332896;0,23161;0,4707;1,1109;2,0435;0,3378;0,7972;1,4665;0,235;0,5547;1,0203
420540705000347;4205407020;Coqueiros;Continente;343;1963,95;0,463855;0,344745;0,24839;0,4306;1,0161;1,8691;0,32;0,7552;1,3891;0,2306;0,5441;1,0009
420540705000348;4205407087;Itacorubi;Centro/Sede;368;8041,04;0,463855;0,526202;0,578687;0,4619;1,0901;2,0053;0,524;1,2367;2,2748;0,5763;1,36;2,5017
420540705000349;4205407009;Córrego Grande;Centro/Sede;206;13942,9;0,463855;0,620675;0,805134;0,2586;0,6102;1,1225;0,346;0,8166;1,502;0,4488;1,0592;1,9484
420540705000350;4205407009;Córrego Grande;Centro/Sede;744;9930,18;0,463855;0,560591;0,656796;0,9339;2,204;4,0542;1,1287;2,6636;4,8997;1,3224;3,1207;5,7406
420540705000351;4205407001;Centro;Centro/Sede;502;16625,37;0,463855;0,65432;0,894785;0,6301;1,4871;2,7355;0,8889;2,0977;3,8587;1,2156;2,8686;5,2768
420540705000352;4205407001;Centro;Centro/Sede;461;12786,62;0,463855;0,604763;0,76438;0,5787;1,3656;2,5121;0,7545;1,7805;3,2752;0,9536;2,2504;4,1396
420540705000353;4205407001;Centro;Centro/Sede;469;12255,31;0,463855;0,597112;0,745162;0,5887;1,3893;2,5557;0,7579;1,7885;3,2899;0,9458;2,2319;4,1056
420540705000356;4205407002;Agronômica;Centro/Sede;401;10551,55;0,463855;0,570891;0,681155;0,5034;1,1879;2,1851;0,6195;1,462;2,6894;0,7392;1,7444;3,2088
420540705000358;4205407086;Trindade;Centro/Sede;506;6815,87;0,463855;0,500743;0,524045;0,6352;1,4989;2,7573;0,6857;1,6181;2,9766;0,7176;1,6934;3,1151
420540705000360;4205407087;Itacorubi;Centro/Sede;738;6543,79;0,463855;0,494661;0,511392;0,9264;2,1862;4,0215;0,9879;2,3314;4,2886;1,0213;2,4103;4,4336
420540705000363;4205407087;Itacorubi;Centro/Sede;587;6454,67;0,463855;0,49263;0,507201;0,7368;1,7389;3,1987;0,7826;1,8468;3,3971;0,8057;1,9014;3,4976
420540705000365;4205407087;Itacorubi;Centro/Sede;333;9720,84;0,463855;0,557019;0,648453;0,418;0,9865;1,8146;0,502;1,1846;2,179;0,5844;1,379;2,5367
420540705000366;4205407009;Córrego Grande;Centro/Sede;716;3753,69;0,463855;0,418693;0,366379;0,8988;2,121;3,9016;0,8113;1,9145;3,5218;0,7099;1,6753;3,0817
420540705000367;4205407009;Córrego Grande;Centro/Sede;1009;10646,97;0,463855;0,572435;0,684844;1,2666;2,989;5,4983;1,5631;3,6887;6,7853;1,87;4,413;8,1177
420540705000369;4205407083;Saco dos Limões;Centro/Sede;1194;2395,17;0,463855;0,365898;0,279807;1,4988;3,537;6,5064;1,1823;2,7901;5,1323;0,9041;2,1336;3,9248
420540705000370;4205407018;Estreito;Continente;543;7485,59;0,463855;0,515023;0,55436;0,6816;1,6085;2,9589;0,7568;1,786;3,2853;0,8146;1,9224;3,5362
420540705000371;4205407026;Jardim Atlântico;Continente;700;11107,75;0,463855;0,579758;0,702476;0,8787;2,0736;3,8144;1,0983;2,5918;4,7676;1,3307;3,1404;5,7767
420540705000372;4205407026;Jardim Atlântico;Continente;649;3579,08;0,463855;0,412753;0,356057;0,8147;1,9226;3,5365;0,7249;1,7108;3,1469;0,6253;1,4758;2,7147
420540705000373;4205407087;Itacorubi;Centro/Sede;922;9946,13;0,463855;0,560861;0,657429;1,1574;2,7313;5,0242;1,3994;3,3025;6,0749;1,6404;3,8711;7,1208
420540705000393;4205407009;Córrego Grande;Centro/Sede;62;3386,09;0,463855;0,405946;0,34441;0,0778;0,1837;0,3379;0,0681;0,1607;0,2957;0,0578;0,1364;0,2509
420540705000395;4205407010;Pantanal;Centro/Sede;413;2036,25;0,463855;0,348504;0,253837;0,5184;1,2234;2,2505;0,3895;0,9192;1,6909;0,2837;0,6695;1,2316
420540705000397;4205407083;Saco dos Limões;Centro/Sede;159;2088,15;0,463855;0,351146;0,257699;0,1996;0,471;0,8664;0,1511;0,3566;0,6559;0,1109;0,2617;0,4814
420540705000403;4205407011;Costeira do Pirajubaé;Centro/Sede;16;2962,91;0,463855;0,390009;0,317898;0,0201;0,0474;0,0872;0,0169;0,0399;0,0733;0,0138;0,0325;0,0598
420540705000406;4205407011;Costeira do Pirajubaé;Centro/Sede;17;2962,91;0,463855;0,390009;0,317898;0,0213;0,0504;0,0926;0,0179;0,0423;0,0779;0,0146;0,0345;0,0635
420540705000407;4205407087;Itacorubi;Centro/Sede;1285;1917,66;0,463855;0,342287;0,244861;1,613;3,8066;7,0022;1,1903;2,809;5,1671;0,8515;2,0094;3,6964
420540705000408;4205407010;Pantanal;Centro/Sede;281;2032,91;0,463855;0,348333;0,253587;0,3527;0,8324;1,5312;0,2649;0,6251;1,1499;0,1928;0,4551;0,8371
420540705000409;4205407006;Saco Grande;Centro/Sede;1282;1972,07;0,463855;0,345172;0,249006;1,6093;3,7977;6,9859;1,1975;2,826;5,1985;0,8639;2,0387;3,7502
420540705000410;4205407006;Saco Grande;Centro/Sede;469;2043,53;0,463855;0,348877;0,254381;0,5887;1,3893;2,5557;0,4428;1,045;1,9222;0,3229;0,7619;1,4016
420540705000411;4205407087;Itacorubi;Centro/Sede;774;8656,97;0,463855;0,537983;0,604889;0,9716;2,2928;4,2177;1,1269;2,6593;4,8917;1,267;2,99;5,5001
420540705000412;4205407087;Itacorubi;Centro/Sede;503;12865,63;0,463855;0,605882;0,767211;0,6314;1,4901;2,741;0,8247;1,9463;3,5802;1,0443;2,4645;4,5335
420540705000413;4205407018;Estreito;Continente;682;8837,17;0,463855;0,541318;0,612412;0,8561;2,0203;3,7164;0,9991;2,3577;4,337;1,1303;2,6674;4,9066
420540705000414;4205407018;Estreito;Continente;774;7964,6;0,463855;0,524696;0,57538;0,9716;2,2928;4,2177;1,099;2,5936;4,7709;1,2052;2,8441;5,2317
420540705000415;4205407018;Estreito;Continente;329;8520,39;0,463855;0,535422;0,599145;0,413;0,9746;1,7928;0,4767;1,125;2,0694;0,5334;1,2589;2,3157
420540705000416;4205407018;Estreito;Continente;545;8042,38;0,463855;0,526228;0,578744;0,6841;1,6145;2,9698;0,7761;1,8316;3,3692;0,8536;2,0144;3,7054
420540705000417;4205407018;Estreito;Continente;563;6787,43;0,463855;0,500115;0,522732;0,7067;1,6678;3,0679;0,762;1,7982;3,3077;0,7964;1,8795;3,4573
420540705000418;4205407018;Estreito;Continente;435;7027,25;0,463855;0,505352;0,533737;0,546;1,2886;2,3704;0,5949;1,4039;2,5825;0,6283;1,4828;2,7275
420540705000419;4205407018;Estreito;Continente;752;10632,19;0,463855;0,572197;0,684273;0,944;2,2277;4,0978;1,1645;2,748;5,0549;1,3925;3,2862;6,045
420540705000420;4205407018;Estreito;Continente;686;9962,61;0,463855;0,561139;0,658082;0,8611;2,0322;3,7382;1,0417;2,4584;4,5222;1,2217;2,8831;5,3034
420540705000421;4205407028;Canto;Continente;581;5369,79;0,463855;0,466172;0,454183;0,7293;1,7211;3,166;0,733;1,7297;3,1818;0,7141;1,6852;3,1
420540705000422;4205407028;Canto;Continente;290;12764,21;0,463855;0,604445;0,763576;0,364;0,8591;1,5803;0,4744;1,1195;2,0592;0,5993;1,4142;2,6014
420540705000423;4205407028;Canto;Continente;269;7647,23;0,463855;0,518334;0,561511;0,3377;0,7969;1,4658;0,3773;0,8905;1,638;0,4088;0,9646;1,7744
420540705000424;4205407028;Canto;Continente;334;5700,9;0,463855;0,474615;0,470784;0,4193;0,9894;1,82;0,429;1,0124;1,8623;0,4255;1,0042;1,8472
420540705000425;4205407028;Canto;Continente;784;11201,88;0,463855;0,581227;0,706042;0,9841;2,3225;4,2722;1,2332;2,9101;5,3532;1,498;3,5351;6,5028
420540705000426;4205407028;Canto;Continente;451;6432,65;0,463855;0,492125;0,506163;0,5661;1,336;2,4576;0,6006;1,4174;2,6074;0,6178;1,4579;2,6817
420540705000427;4205407027;Balneário;Continente;250;6042,72;0,463855;0,482979;0,487524;0,3138;0,7406;1,3623;0,3268;0,7711;1,4185;0,3298;0,7784;1,4318
420540705000428;4205407027;Balneário;Continente;693;8699,3;0,463855;0,538771;0,606662;0,8699;2,0529;3,7763;1,0104;2,3845;4,3862;1,1377;2,6849;4,9389
420540705000429;4205407027;Balneário;Continente;286;9979,97;0,463855;0,561432;0,65877;0,359;0,8472;1,5585;0,4345;1,0255;1,8863;0,5099;1,2032;2,2134
420540705000430;4205407027;Balneário;Continente;574;7350,79;0,463855;0,512223;0,548348;0,7205;1,7004;3,1278;0,7957;1,8777;3,454;0,8518;2,0101;3,6976
420540705000431;4205407026;Jardim Atlântico;Continente;589;4517,1;0,463855;0,442605;0,409423;0,7394;1,7448;3,2096;0,7055;1,6649;3,0625;0,6526;1,5401;2,8329
420540705000432;4205407026;Jardim Atlântico;Continente;996;13355,23;0,463855;0,612709;0,784597;1,2503;2,9505;5,4274;1,6515;3,8973;7,1691;2,1148;4,9907;9,1803
420540705000433;4205407026;Jardim Atlântico;Continente;251;5983,54;0,463855;0,481555;0,484653;0,3151;0,7435;1,3678;0,3271;0,7719;1,4199;0,3292;0,7769;1,4291
420540705000434;4205407026;Jardim Atlântico;Continente;535;8935,19;0,463855;0,543112;0,616479;0,6716;1,5849;2,9153;0,7863;1,8556;3,4135;0,8925;2,1063;3,8746
420540705000435;4205407026;Jardim Atlântico;Continente;362;5167,87;0,463855;0,460842;0,443857;0,4544;1,0724;1,9726;0,4515;1,0654;1,9598;0,4348;1,0261;1,8876
420540705000436;4205407026;Jardim Atlântico;Continente;573;3456,89;0,463855;0,408474;0,348712;0,7193;1,6974;3,1224;0,6334;1,4948;2,7496;0,5407;1,2761;2,3473
420540705000437;4205407026;Jardim Atlântico;Continente;734;2717,43;0,463855;0,38002;0,301822;0,9214;2,1744;3,9997;0,7548;1,7814;3,2768;0,5995;1,4148;2,6025
420540705000438;4205407026;Jardim Atlântico;Continente;461;3560,76;0,463855;0,412118;0,354962;0,5787;1,3656;2,5121;0,5141;1,2133;2,2319;0,4428;1,045;1,9224
420540705000439;4205407031;Coloninha;Continente;290;4354,86;0,463855;0,437775;0,400535;0,364;0,8591;1,5803;0,3436;0,8108;1,4914;0,3143;0,7418;1,3646
420540705000440;4205407031;Coloninha;Continente;635;2752,93;0,463855;0,381502;0,304182;0,7971;1,8811;3,4602;0,6556;1,5471;2,8459;0,5227;1,2336;2,2691
420540705000441;4205407031;Coloninha;Continente;722;5428,97;0,463855;0,467707;0,457179;0,9063;2,1388;3,9343;0,9138;2,1566;3,967;0,8933;2,108;3,8777
420540705000442;4205407031;Coloninha;Continente;318;5792,23;0,463855;0,476884;0,475295;0,3992;0,942;1,7328;0,4104;0,9685;1,7815;0,409;0,9653;1,7756
420540705000443;4205407029;Capoeiras;Continente;406;3983,18;0,463855;0,426214;0,379659;0,5096;1,2027;2,2124;0,4683;1,1051;2,0328;0,4171;0,9844;1,8108
420540705000444;4205407029;Capoeiras;Continente;199;8349,51;0,463855;0,532178;0,591906;0,2498;0,5895;1,0844;0,2866;0,6763;1,2441;0,3188;0,7522;1,3837
420540705000445;4205407029;Capoeiras;Continente;379;5568,26;0,463855;0,471275;0,464181;0,4758;1,1227;2,0652;0,4834;1,1407;2,0983;0,4761;1,1235;2,0667
420540705000446;4205407029;Capoeiras;Continente;450;7014,61;0,463855;0,505079;0,533161;0,5649;1,3331;2,4521;0,6151;1,4515;2,6701;0,6493;1,5322;2,8185
420540705000447;4205407029;Capoeiras;Continente;448;4869,69;0,463855;0,452698;0,428309;0,5624;1,3271;2,4412;0,5488;1,2952;2,3825;0,5193;1,2254;2,2542
420540705000448;4205407029;Capoeiras;Continente;461;7687,05;0,463855;0,519142;0,563264;0,5787;1,3656;2,5121;0,6477;1,5284;2,8115;0,7027;1,6583;3,0505
420540705000449;4205407029;Capoeiras;Continente;289;7261,71;0,463855;0,510353;0,544351;0,3628;0,8561;1,5748;0,3991;0,9419;1,7327;0,4257;1,0047;1,8481
420540705000450;4205407029;Capoeiras;Continente;712;6505,92;0,463855;0,4938;0,509614;0,8938;2,1092;3,8798;0,9515;2,2453;4,1303;0,9819;2,3173;4,2626
420540705000451;4205407029;Capoeiras;Continente;415;5186,26;0,463855;0,461333;0,444804;0,5209;1,2294;2,2614;0,5181;1,2227;2,2491;0,4995;1,1789;2,1685
420540705000452;4205407029;Capoeiras;Continente;301;4609,09;0,463855;0,44529;0,414405;0,3778;0,8917;1,6402;0,3627;0,856;1,5746;0,3376;0,7966;1,4654
420540705000453;4205407029;Capoeiras;Continente;563;5239,44;0,463855;0,462748;0,447535;0,7067;1,6678;3,0679;0,705;1,6638;3,0606;0,6819;1,6091;2,96
420540705000454;4205407029;Capoeiras;Continente;401;1664,6;0,463855;0,328059;0,224927;0,5034;1,1879;2,1851;0,356;0,8401;1,5454;0,2441;0,576;1,0596
420540705000455;4205407029;Capoeiras;Continente;770;2237,72;0,463855;0,358509;0,268621;0,9666;2,281;4,1959;0,747;1,763;3,243;0,5597;1,3209;2,4299
420540705000456;4205407029;Capoeiras;Continente;339;7820,86;0,463855;0,521837;0,569126;0,4255;1,0042;1,8473;0,4787;1,1298;2,0782;0,5221;1,2321;2,2665
420540705000457;4205407029;Capoeiras;Continente;815;5759,54;0,463855;0,476075;0,473684;1,0231;2,4143;4,4411;1,05;2,4779;4,5581;1,0447;2,4655;4,5352
420540705000458;4205407020;Coqueiros;Continente;233;6683,0;0,463855;0,497794;0,517892;0,2925;0,6902;1,2697;0,3139;0,7407;1,3626;0,3266;0,7706;1,4176
420540705000459;4205407020;Coqueiros;Continente;547;9129,81;0,463855;0,546635;0,624501;0,6866;1,6204;2,9807;0,8092;1,9096;3,5127;0,9244;2,1816;4,013
420540705000460;4205407020;Coqueiros;Continente;458;11808,85;0,463855;0,590501;0,728753;0,5749;1,3568;2,4957;0,7319;1,7272;3,1771;0,9032;2,1316;3,921
420540705000461;4205407020;Coqueiros;Continente;450;8808,38;0,463855;0,540788;0,611215;0,5649;1,3331;2,4521;0,6586;1,5541;2,8588;0,7443;1,7565;3,2312
420540705000462;4205407020;Coqueiros;Continente;521;10402,96;0,463855;0,568468;0,675383;0,654;1,5434;2,839;0,8015;1,8915;3,4793;0,9522;2,2472;4,1337
420540705000463;4205407020;Coqueiros;Continente;339;7562,74;0,463855;0,516609;0,557781;0,4255;1,0042;1,8473;0,4739;1,1184;2,0574;0,5117;1,2076;2,2213
420540705000464;4205407020;Coqueiros;Continente;739;8056,95;0,463855;0,526514;0,579373;0,9277;2,1892;4,027;1,053;2,4849;4,5709;1,1587;2,7344;5,0298
420540705000465;4205407020;Coqueiros;Continente;465;13545,82;0,463855;0,615319;0,791297;0,5837;1,3775;2,5339;0,7743;1,8273;3,3613;0,9957;2,3499;4,3226
420540705000466;4205407023;Abraão;Continente;1013;11908,67;0,463855;0,591994;0,732443;1,2716;3,0008;5,52;1,6229;3,8298;7,045;2,0079;4,7384;8,7164
420540705000467;4205407023;Abraão;Continente;492;6408,21;0,463855;0,491564;0,505008;0,6176;1,4575;2,681;0,6545;1,5445;2,8412;0,6724;1,5868;2,9189
420540705000468;4205407023;Abraão;Continente;549;5236,0;0,463855;0,462656;0,447359;0,6891;1,6263;2,9916;0,6874;1,6221;2,9839;0,6646;1,5685;2,8852
420540705000469;4205407023;Abraão;Continente;368;7719,55;0,463855;0,5198;0,564692;0,4619;1,0901;2,0053;0,5177;1,2216;2,2472;0,5624;1,3271;2,4412
420540705000470;4205407023;Abraão;Continente;563;8132,98;0,463855;0,528;0,582648;0,7067;1,6678;3,0679;0,8045;1,8984;3,4922;0,8877;2,0949;3,8536
420540705000471;4205407023;Abraão;Continente;373;6763,85;0,463855;0,499594;0,521642;0,4682;1,105;2,0326;0,5043;1,1901;2,1892;0,5265;1,2426;2,2858
420540705000472;4205407023;Abraão;Continente;403;6468,71;0,463855;0,492951;0,507863;0,5059;1,1938;2,196;0,5376;1,2687;2,3338;0,5539;1,3071;2,4044
420540705000473;4205407023;Abraão;Continente;396;6679,76;0,463855;0,497722;0,517741;0,4971;1,1731;2,1579;0,5334;1,2587;2,3154;0,5548;1,3094;2,4086
420540705000474;4205407020;Coqueiros;Continente;381;4027,39;0,463855;0,427628;0,382182;0,4783;1,1287;2,0761;0,4409;1,0405;1,914;0,3941;0,9299;1,7106
420540705000475;4205407020;Coqueiros;Continente;621;4495,88;0,463855;0,44198;0,408268;0,7795;1,8396;3,384;0,7428;1,7529;3,2244;0,6861;1,6192;2,9784
420540705000476;4205407030;Monte Cristo;Continente;324;2581,86;0,463855;0,37423;0,292695;0,4067;0,9598;1,7655;0,3281;0,7743;1,4244;0,2566;0,6056;1,1141
420540705000477;4205407030;Monte Cristo;Continente;605;2016,68;0,463855;0,347496;0,25237;0,7594;1,7922;3,2968;0,5689;1,3426;2,4698;0,4132;0,9751;1,7937
420540705000478;4205407030;Monte Cristo;Continente;1028;1575,01;0,463855;0,322659;0,217584;1,2904;3,0453;5,6018;0,8976;2,1183;3,8966;0,6053;1,4285;2,6277
420540705000479;4205407030;Monte Cristo;Continente;632;2464,53;0,463855;0,369045;0,28464;0,7933;1,8722;3,4439;0,6312;1,4895;2,74;0,4868;1,1489;2,1133
420540705000480;4205407029;Capoeiras;Continente;429;1545,89;0,463855;0,320858;0,215161;0,5385;1,2708;2,3377;0,3725;0,8791;1,617;0,2498;0,5895;1,0844
420540705000481;4205407029;Capoeiras;Continente;231;6516,96;0,463855;0,494051;0,510133;0,29;0,6843;1,2588;0,3088;0,7288;1,3407;0,3189;0,7526;1,3844
420540705000482;4205407018;Estreito;Continente;12;7485,59;0,463855;0,515023;0,55436;0,0151;0,0355;0,0654;0,0167;0,0395;0,0726;0,018;0,0425;0,0781
420540705000484;4205407012;José Mendes;Centro/Sede;422;1783,95;0,463855;0,334945;0,234469;0,5297;1,2501;2,2996;0,3825;0,9027;1,6605;0,2678;0,6319;1,1624
420540705000486;4205407001;Centro;Centro/Sede;447;1964,87;0,463855;0,344793;0,24846;0,5611;1,3242;2,4358;0,4171;0,9843;1,8106;0,3006;0,7093;1,3047
420540705000487;4205407001;Centro;Centro/Sede;75;6533,87;0,463855;0,494436;0,510926;0,0941;0,2222;0,4087;0,1004;0,2368;0,4356;0,1037;0,2447;0,4502
420540705000488;4205407002;Agronômica;Centro/Sede;410;1699,94;0,463855;0,330133;0,22778;0,5147;1,2146;2,2342;0,3663;0,8644;1,5901;0,2527;0,5964;1,0971
420540705000489;4205407002;Agronômica;Centro/Sede;617;9185,26;0,463855;0,547629;0,626774;0,7745;1,8278;3,3622;0,9144;2,1579;3,9694;1,0465;2,4697;4,543
420540705000492;4205407002;Agronômica;Centro/Sede;794;2022,75;0,463855;0,347809;0,252826;0,9967;2,3521;4,3267;0,7473;1,7637;3,2442;0,5432;1,282;2,3583
420540705000493;4205407002;Agronômica;Centro/Sede;405;7030,51;0,463855;0,505423;0,533886;0,5084;1,1997;2,2069;0,5539;1,3073;2,4047;0,5851;1,3809;2,5401
420540705000494;4205407002;Agronômica;Centro/Sede;958;1657,52;0,463855;0,32764;0,224353;1,2026;2,8379;5,2203;0,8494;2,0045;3,6873;0,5816;1,3726;2,5249
420540705000495;4205407086;Trindade;Centro/Sede;744;8761,75;0,463855;0,539928;0,609271;0,9339;2,204;4,0542;1,0871;2,5654;4,7191;1,2267;2,8949;5,3252
420540705000496;4205407086;Trindade;Centro/Sede;683;11140,09;0,463855;0,580263;0,703703;0,8574;2,0233;3,7218;1,0725;2,531;4,6558;1,3007;3,0695;5,6463
420540705000497;4205407086;Trindade;Centro/Sede;1235;2165,71;0,463855;0,355008;0,2634;1,5503;3,6585;6,7298;1,1865;2,8;5,1506;0,8803;2,0775;3,8215
420540705000499;4205407005;João Paulo;Centro/Sede;787;9656,54;0,463855;0,555911;0,645876;0,9879;2,3314;4,2885;1,184;2,794;5,1396;1,3756;3,2462;5,9714
420540705000500;4205407005;João Paulo;Centro/Sede;713;7071,39;0,463855;0,506302;0,535746;0,895;2,1121;3,8853;0,9769;2,3054;4,2408;1,0337;2,4395;4,4875
420540705000501;4205407005;João Paulo;Centro/Sede;654;13959,87;0,463855;0,620902;0,805721;0,821;1,9374;3,5638;1,0989;2,5933;4,7704;1,426;3,3652;6,1903
420540705000502;4205407005;João Paulo;Centro/Sede;573;7118,95;0,463855;0,507322;0,537905;0,7193;1,6974;3,1224;0,7867;1,8565;3,415;0,8341;1,9684;3,6209
420540705000507;4205407088;Monte Verde;Centro/Sede;528;3671,53;0,463855;0,415923;0,361547;0,6628;1,5641;2,8772;0,5943;1,4025;2,5799;0,5166;1,2191;2,2426
420540705000508;4205407088;Monte Verde;Centro/Sede;762;7071,16;0,463855;0,506298;0,535736;0,9565;2,2573;4,1523;1,044;2,4638;4,5322;1,1047;2,6071;4,7958
420540705000509;4205407087;Itacorubi;Centro/Sede;908;10939,05;0,463855;0,577102;0,696055;1,1398;2,6898;4,9479;1,4181;3,3465;6,1559;1,7104;4,0363;7,4247
420540705000511;4205407087;Itacorubi;Centro/Sede;911;13688,9;0,463855;0,617262;0,796301;1,1436;2,6987;4,9642;1,5218;3,5912;6,606;1,9631;4,6328;8,5221
420540705000512;4205407087;Itacorubi;Centro/Sede;866;14986,02;0,463855;0,634256;0,840752;1,0871;2,5654;4,719;1,4864;3,5078;6,4526;1,9704;4,6498;8,5534
420540705000513;4205407087;Itacorubi;Centro/Sede;879;12465,77;0,463855;0,60017;0,752814;1,1034;2,6039;4,7899;1,4276;3,3691;6,1975;1,7907;4,226;7,7737
420540705000514;4205407087;Itacorubi;Centro/Sede;250;5617,77;0,463855;0,472528;0,466653;0,3138;0,7406;1,3623;0,3197;0,7544;1,3878;0,3157;0,7451;1,3705
420540705000515;4205407087;Itacorubi;Centro/Sede;530;8716,46;0,463855;0,539089;0,60738;0,6653;1,57;2,8881;0,7732;1,8247;3,3565;0,8712;2,0558;3,7817
420540705000516;4205407087;Itacorubi;Centro/Sede;412;10398,93;0,463855;0,568402;0,675226;0,5172;1,2205;2,2451;0,6337;1,4956;2,7511;0,7528;1,7766;3,2681
420540705000517;4205407087;Itacorubi;Centro/Sede;431;5728,22;0,463855;0,475296;0,472137;0,541;1,2768;2,3486;0,5544;1,3083;2,4065;0,5507;1,2996;2,3905
420540705000518;4205407012;José Mendes;Centro/Sede;454;2374,14;0,463855;0,364931;0,27833;0,5699;1,3449;2,4739;0,4484;1,0581;1,9463;0,342;0,807;1,4845
420540705000520;4205407087;Itacorubi;Centro/Sede;976;11481,53;0,463855;0,585543;0,716566;1,2252;2,8912;5,3184;1,5466;3,6497;6,7137;1,8926;4,4664;8,2159
420540705000521;4205407087;Itacorubi;Centro/Sede;594;7298,2;0,463855;0,511121;0,545991;0,7456;1,7596;3,2368;0,8216;1,9389;3,5667;0,8777;2,0712;3,81
420540705000522;4205407087;Itacorubi;Centro/Sede;393;12660,93;0,463855;0,602974;0,759863;0,4933;1,1642;2,1415;0,6413;1,5134;2,7838;0,8081;1,9071;3,5082
420540705000523;4205407087;Itacorubi;Centro/Sede;596;7912,25;0,463855;0,523659;0,573107;0,7481;1,7656;3,2477;0,8446;1,9932;3,6665;0,9244;2,1814;4,0127
420540705000524;4205407087;Itacorubi;Centro/Sede;1420;10285,45;0,463855;0,566534;0,670795;1,7825;4,2065;7,7379;2,1771;5,1377;9,4507;2,5777;6,0832;11,19
420540705000526;4205407086;Trindade;Centro/Sede;960;9446,88;0,463855;0,552262;0,637425;1,2051;2,8438;5,2312;1,4347;3,3859;6,2283;1,656;3,908;7,1887
420540705000527;4205407010;Pantanal;Centro/Sede;629;8344,11;0,463855;0,532075;0,591676;0,7896;1,8633;3,4276;0,9057;2,1373;3,9316;1,0071;2,3768;4,3721
420540705000528;4205407010;Pantanal;Centro/Sede;739;3847,5;0,463855;0,421805;0,371846;0,9277;2,1892;4,027;0,8436;1,9907;3,6619;0,7436;1,7549;3,2282
420540705000529;4205407086;Trindade;Centro/Sede;1306;4585,57;0,463855;0,444607;0,413135;1,6394;3,8688;7,1167;1,5714;3,7083;6,8214;1,4601;3,4458;6,3385
420540705000530;4205407086;Trindade;Centro/Sede;1896;2043,46;0,463855;0,348874;0,254376;2,38;5,6166;10,3317;1,79;4,2243;7,7707;1,3052;3,0801;5,6659
420540705000531;4205407083;Saco dos Limões;Centro/Sede;907;8290,28;0,463855;0,531043;0,589383;1,1385;2,6868;4,9424;1,3034;3,076;5,6583;1,4466;3,414;6,2799
420540705000532;4205407083;Saco dos Limões;Centro/Sede;2012;2434,26;0,463855;0,367679;0,282538;2,5256;5,9602;10,9638;2,002;4,7244;8,6906;1,5384;3,6304;6,6781
420540705000533;4205407009;Córrego Grande;Centro/Sede;1332;10262,33;0,463855;0,566151;0,66989;1,672;3,9458;7,2583;2,0408;4,816;8,8591;2,4147;5,6985;10,4824
420540705000534;4205407009;Córrego Grande;Centro/Sede;866;12127,51;0,463855;0,595237;0,74049;1,0871;2,5654;4,719;1,395;3,292;6,0556;1,7354;4,0953;7,5334
420540705000535;4205407009;Córrego Grande;Centro/Sede;11;3529,0;0,463855;0,411012;0,353059;0,0138;0,0326;0,0599;0,0122;0,0289;0,0531;0,0105;0,0248;0,0456
420540705000539;4205407086;Trindade;Centro/Sede;330;4456,76;0,463855;0,440823;0,406132;0,4142;0,9776;1,7982;0,3937;0,929;1,709;0,3627;0,8559;1,5745
420540705000540;4205407011;Costeira do Pirajubaé;Centro/Sede;703;2978,75;0,463855;0,390633;0,318916;0,8825;2,0825;3,8308;0,7432;1,7538;3,2261;0,6067;1,4318;2,6338
420540705000541;4205407011;Costeira do Pirajubaé;Centro/Sede;452;3085,68;0,463855;0,394788;0,325737;0,5674;1,339;2,463;0,4829;1,1396;2,0963;0,3984;0,9403;1,7296
420540705000542;4205407083;Saco dos Limões;Centro/Sede;407;6123,4;0,463855;0,484905;0,491419;0,5109;1,2057;2,2178;0,5341;1,2604;2,3185;0,5413;1,2773;2,3496
420540705000543;4205407083;Saco dos Limões;Centro/Sede;467;5275,89;0,463855;0,463711;0,4494;0,5862;1,3834;2,5448;0,586;1,383;2,544;0,5679;1,3403;2,4655
420540705000544;4205407083;Saco dos Limões;Centro/Sede;250;3083,0;0,463855;0,394685;0,325567;0,3138;0,7406;1,3623;0,267;0,6301;1,1592;0,2203;0,5198;0,9562
420540705000545;4205407083;Saco dos Limões;Centro/Sede;823;7233,75;0,463855;0,509762;0,543093;1,0331;2,438;4,4847;1,1353;2,6793;4,9285;1,2096;2,8545;5,2508
420540705000547;4205407001;Centro;Centro/Sede;316;1808,78;0,463855;0,336337;0,236422;0,3967;0,9361;1,7219;0,2876;0,6788;1,2486;0,2022;0,4771;0,8777
420540705000548;4205407002;Agronômica;Centro/Sede;543;21575,69;0,463855;0,707535;1,0;0,6816;1,6085;2,9589;1,0397;2,4536;4,5134;1,4695;3,4678;6,379
420540705000549;4205407002;Agronômica;Centro/Sede;676;19522,0;0,463855;0,686619;0,985305;0,8486;2,0025;3,6837;1,2561;2,9643;5,4527;1,8025;4,2537;7,8247
420540705000550;4205407086;Trindade;Centro/Sede;288;3945,93;0,463855;0,425014;0,377525;0,3615;0,8532;1,5694;0,3312;0,7817;1,438;0,2942;0,6944;1,2773
420540705000551;4205407086;Trindade;Centro/Sede;643;9035,64;0,463855;0,544937;0,620628;0,8071;1,9048;3,5038;0,9482;2,2377;4,1163;1,0799;2,5486;4,6881
420540705000552;4205407083;Saco dos Limões;Centro/Sede;1447;1736,4;0,463855;0,332241;0,230699;1,8164;4,2865;7,885;1,301;3,0703;5,6477;0,9034;2,1319;3,9216
420540705000554;4205407129;Lagoa;Leste;18;6975,0;0,463855;0,504222;0,531352;0,0226;0,0533;0,0981;0,0246;0,058;0,1066;0,0259;0,0611;0,1124
420540705000555;4205407009;Córrego Grande;Centro/Sede;78;9751,72;0,463855;0,557549;0,649688;0,0979;0,2311;0,425;0,1177;0,2777;0,5109;0,1371;0,3236;0,5953
420540705000556;4205407010;Pantanal;Centro/Sede;29;5623,08;0,463855;0,472662;0,466918;0,0364;0,0859;0,158;0,0371;0,0875;0,161;0,0366;0,0865;0,1591
420540705000557;4205407011;Costeira do Pirajubaé;Centro/Sede;455;2228,94;0,463855;0,358087;0,267988;0,5712;1,3479;2,4794;0,4409;1,0405;1,914;0,33;0,7787;1,4324
420540705000558;4205407011;Costeira do Pirajubaé;Centro/Sede;137;3700,07;0,463855;0,41689;0,36323;0,172;0,4058;0,7465;0,1546;0,3647;0,671;0,1347;0,3178;0,5846
420540705000559;4205407020;Coqueiros;Continente;416;10906,12;0,463855;0,57658;0,694797;0,5222;1,2323;2,2669;0,6491;1,5318;2,8178;0,7822;1,8459;3,3955
420540705000560;4205407020;Coqueiros;Continente;608;8527,14;0,463855;0,53555;0,59943;0,7632;1,8011;3,3131;0,8812;2,0795;3,8252;0,9863;2,3275;4,2815
420540705000561;4205407023;Abraão;Continente;465;6006,23;0,463855;0,482102;0,485755;0,5837;1,3775;2,5339;0,6067;1,4317;2,6336;0,6113;1,4425;2,6535
420540705000562;4205407023;Abraão;Continente;334;6166,7;0,463855;0,485931;0,493501;0,4193;0,9894;1,82;0,4392;1,0365;1,9067;0,4461;1,0527;1,9364
420540705000563;4205407011;Costeira do Pirajubaé;Centro/Sede;520;2962,91;0,463855;0,390009;0,317898;0,6527;1,5404;2,8336;0,5488;1,2952;2,3825;0,4474;1,0557;1,942
420540705000566;4205407002;Agronômica;Centro/Sede;653;9038,1;0,463855;0,544982;0,620729;0,8197;1,9344;3,5583;0,9631;2,2727;4,1807;1,0969;2,5886;4,7618
420540705000567;4205407010;Pantanal;Centro/Sede;525;5632,13;0,463855;0,47289;0,467369;0,659;1,5552;2,8608;0,6719;1,5855;2,9166;0,664;1,567;2,8825
420540705000568;4205407010;Pantanal;Centro/Sede;768;3705,68;0,463855;0,41708;0,363561;0,9641;2,2751;4,185;0,8668;2,0457;3,763;0,7556;1,7832;3,2801
420540705000569;4205407010;Pantanal;Centro/Sede;728;5685,56;0,463855;0,474232;0,470024;0,9138;2,1566;3,967;0,9343;2,2048;4,0558;0,926;2,1853;4,0198
420540705000570;4205407010;Pantanal;Centro/Sede;602;10754,29;0,463855;0,57416;0,688978;0,7557;1,7833;3,2804;0,9354;2,2074;4,0605;1,1224;2,6488;4,8725
420540705000571;4205407009;Córrego Grande;Centro/Sede;345;6083,27;0,463855;0,483949;0,489484;0,4331;1,022;1,88;0,4518;1,0663;1,9614;0,457;1,0785;1,9838
420540705000572;4205407009;Córrego Grande;Centro/Sede;1064;10067,38;0,463855;0,562903;0,662226;1,3356;3,1519;5,798;1,6208;3,825;7,036;1,9068;4,4999;8,2775
420540705000573;4205407029;Capoeiras;Continente;547;1978,94;0,463855;0,345532;0,249526;0,6866;1,6204;2,9807;0,5115;1,2071;2,2204;0,3694;0,8717;1,6034
420540705000574;4205407029;Capoeiras;Continente;274;4836,08;0,463855;0,451759;0,426533;0,3439;0,8117;1,4931;0,335;0,7905;1,4541;0,3163;0,7464;1,3729
420540705000577;4205407001;Centro;Centro/Sede;231;11744,55;0,463855;0,589535;0,72637;0,29;0,6843;1,2588;0,3685;0,8697;1,5998;0,4541;1,0716;1,9712
420540705000578;4205407001;Centro;Centro/Sede;581;16660,55;0,463855;0,654735;0,895921;0,7293;1,7211;3,166;1,0294;2,4294;4,4688;1,4087;3,3243;6,115
420540705000579;4205407001;Centro;Centro/Sede;220;9737,05;0,463855;0,557297;0,649101;0,2762;0,6517;1,1988;0,3318;0,783;1,4403;0,3864;0,912;1,6776
420540705000580;4205407001;Centro;Centro/Sede;328;11261,38;0,463855;0,582152;0,70829;0,4117;0,9716;1,7873;0,5167;1,2194;2,2432;0,6287;1,4837;2,7292
420540705000581;4205407001;Centro;Centro/Sede;425;11898,36;0,463855;0,591841;0,732063;0,5335;1,259;2,3159;0,6807;1,6064;2,9549;0,842;1,987;3,655
420540705000582;4205407001;Centro;Centro/Sede;227;11087,82;0,463855;0,579445;0,70172;0,2849;0,6725;1,237;0,356;0,84;1,5452;0,4311;1,0173;1,8713
420540705000583;4205407087;Itacorubi;Centro/Sede;412;8097,76;0,463855;0,527313;0,581132;0,5172;1,2205;2,2451;0,5879;1,3875;2,5522;0,6479;1,5291;2,8127
420540705000584;4205407087;Itacorubi;Centro/Sede;480;3719,52;0,463855;0,417546;0,364375;0,6025;1,4219;2,6156;0,5424;1,28;2,3545;0,4733;1,117;2,0547
420540705000585;4205407087;Itacorubi;Centro/Sede;463;6972,77;0,463855;0,504174;0,53125;0,5812;1,3716;2,523;0,6317;1,4908;2,7423;0,6656;1,5708;2,8896
420540705000586;4205407087;Itacorubi;Centro/Sede;407;6087,45;0,463855;0,484049;0,489686;0,5109;1,2057;2,2178;0,5331;1,2582;2,3144;0,5393;1,2728;2,3413
420540705000587;4205407087;Itacorubi;Centro/Sede;263;9898,45;0,463855;0,560053;0,655536;0,3301;0,7791;1,4331;0,3986;0,9407;1,7304;0,4666;1,101;2,0254
420540705000588;4205407087;Itacorubi;Centro/Sede;634;10224,6;0,463855;0,565526;0,668411;0,7958;1,8781;3,4548;0,9703;2,2898;4,212;1,1468;2,7064;4,9783
420540705000589;4205407026;Jardim Atlântico;Continente;311;2940,99;0,463855;0,389141;0,316484;0,3904;0,9213;1,6947;0,3275;0,7729;1,4217;0,2664;0,6286;1,1563
420540705000590;4205407026;Jardim Atlântico;Continente;333;1888,04;0,463855;0,340692;0,242584;0,418;0,9865;1,8146;0,307;0,7245;1,3328;0,2186;0,5159;0,949
420540705000591;4205407026;Jardim Atlântico;Continente;508;5397,96;0,463855;0,466904;0,455611;0,6377;1,5049;2,7682;0,6419;1,5148;2,7864;0,6263;1,4781;2,719
420540705000592;4205407026;Jardim Atlântico;Continente;145;9242,86;0,463855;0,548657;0,629129;0,182;0,4295;0,7901;0,2153;0,5081;0,9346;0,2469;0,5826;1,0717
420540705000593;4205407030;Monte Cristo;Continente;702;1821,09;0,463855;0,337022;0,237386;0,8812;2,0796;3,8253;0,6403;1,5109;2,7794;0,451;1,0643;1,9577
420540705000594;4205407030;Monte Cristo;Continente;61;1971,58;0,463855;0,345146;0,248969;0,0766;0,1807;0,3324;0,057;0,1345;0,2473;0,0411;0,097;0,1784
420540705000595;4205407029;Capoeiras;Continente;509;3395,57;0,463855;0,406287;0,344988;0,6389;1,5078;2,7736;0,5596;1,3207;2,4294;0,4752;1,1214;2,0629
420540705000596;4205407029;Capoeiras;Continente;217;2097,99;0,463855;0,351641;0,258427;0,2724;0,6428;1,1825;0,2065;0,4873;0,8964;0,1518;0,3581;0,6588
420540705000597;4205407086;Trindade;Centro/Sede;735;14403,07;0,463855;0,626751;0,820973;0,9226;2,1773;4,0052;1,2466;2,9419;5,4117;1,633;3,8536;7,0887
420540705000598;4205407086;Trindade;Centro/Sede;64;6412,15;0,463855;0,491654;0,505194;0,0803;0,1896;0,3487;0,0852;0,201;0,3697;0,0875;0,2065;0,3798
420540705000599;4205407086;Trindade;Centro/Sede;103;5353,06;0,463855;0,465735;0,453333;0,1293;0,3051;0,5613;0,1298;0,3064;0,5635;0,1264;0,2982;0,5485
420540705000600;4205407086;Trindade;Centro/Sede;33;6412,15;0,463855;0,491654;0,505194;0,0414;0,0978;0,1798;0,0439;0,1036;0,1906;0,0451;0,1065;0,1958
420540705000602;4205407086;Trindade;Centro/Sede;501;5454,48;0,463855;0,468365;0,458467;0,6289;1,4841;2,7301;0,635;1,4986;2,7566;0,6216;1,4669;2,6983
420540705000603;4205407086;Trindade;Centro/Sede;116;6412,15;0,463855;0,491654;0,505194;0,1456;0,3436;0,6321;0,1543;0,3642;0,67;0,1586;0,3743;0,6884
420540705000604;4205407011;Costeira do Pirajubaé;Centro/Sede;1056;3461,74;0,463855;0,408646;0,349006;1,3256;3,1282;5,7544;1,1678;2,7559;5,0695;0,9974;2,3537;4,3296
420540705000605;4205407011;Costeira do Pirajubaé;Centro/Sede;154;2506,51;0,463855;0,370919;0,28754;0,1933;0,4562;0,8392;0,1546;0,3648;0,671;0,1198;0,2828;0,5202
420540705000607;4205407087;Itacorubi;Centro/Sede;674;9565,33;0,463855;0,55433;0,642209;0,8461;1,9966;3,6728;1,0111;2,3861;4,3891;1,1714;2,7643;5,085
420540705000608;4205407002;Agronômica;Centro/Sede;498;2538,81;0,463855;0,372347;0,289757;0,6251;1,4752;2,7137;0,5018;1,1842;2,1784;0,3905;0,9215;1,6952
420540705000609;4205407002;Agronômica;Centro/Sede;535;2051,01;0,463855;0,34926;0,254939;0,6716;1,5849;2,9153;0,5057;1,1933;2,1951;0,3691;0,871;1,6023
420540705000610;4205407012;José Mendes;Centro/Sede;426;3226,91;0,463855;0,400124;0,334602;0,5347;1,262;2,3214;0,4613;1,0886;2,0024;0,3857;0,9103;1,6745
420540705000611;4205407012;José Mendes;Centro/Sede;350;2887,82;0,463855;0,387017;0,313039;0,4393;1,0368;1,9072;0,3666;0,8651;1,5913;0,2965;0,6997;1,2871
420540705000612;4205407012;José Mendes;Centro/Sede;101;1473,28;0,463855;0,31626;0,209039;0,1268;0,2992;0,5504;0,0864;0,204;0,3752;0,0571;0,1348;0,248
420540705000613;4205407012;José Mendes;Centro/Sede;441;2470,28;0,463855;0,369303;0,285039;0,5536;1,3064;2,4031;0,4407;1,0401;1,9133;0,3402;0,8028;1,4767
420540705000614;4205407086;Trindade;Centro/Sede;252;3133,51;0,463855;0,396614;0,328757;0,3163;0,7465;1,3732;0,2705;0,6383;1,1741;0,2242;0,5291;0,9733
420540705000615;4205407086;Trindade;Centro/Sede;213;12541,83;0,463855;0,601266;0,755566;0,2674;0,631;1,1607;0,3466;0,8179;1,5045;0,4355;1,0278;1,8906
420540705000618;4205407086;Trindade;Centro/Sede;74;7384,75;0,463855;0,512931;0,549867;0,0929;0,2192;0,4032;0,1027;0,2424;0,4459;0,1101;0,2599;0,478
420540705000619;4205407088;Monte Verde;Centro/Sede;844;2426,75;0,463855;0,367338;0,282014;1,0595;2,5002;4,5991;0,839;1,98;3,6422;0,6441;1,5201;2,7962
420540705000620;4205407088;Monte Verde;Centro/Sede;469;2452,13;0,463855;0,368487;0,28378;0,5887;1,3893;2,5557;0,4677;1,1037;2,0302;0,3602;0,85;1,5635
420540705000621;4205407006;Saco Grande;Centro/Sede;333;3370,67;0,463855;0,40539;0,343468;0,418;0,9865;1,8146;0,3653;0,8621;1,5859;0,3095;0,7304;1,3436
420540705000622;4205407006;Saco Grande;Centro/Sede;427;2787,66;0,463855;0,38294;0,306478;0,536;1,2649;2,3268;0,4425;1,0443;1,9209;0,3541;0,8358;1,5374
420540705000623;4205407006;Saco Grande;Centro/Sede;755;5048,89;0,463855;0,457633;0,437697;0,9477;2,2366;4,1142;0,935;2,2066;4,059;0,8943;2,1104;3,8821
420540705000624;4205407006;Saco Grande;Centro/Sede;181;2252,74;0,463855;0,359229;0,269701;0,2272;0,5362;0,9863;0,176;0,4152;0,7638;0,1321;0,3118;0,5735
420540705000625;4205407006;Saco Grande;Centro/Sede;955;5648,06;0,463855;0,473291;0,468161;1,1988;2,829;5,204;1,2232;2,8866;5,3099;1,2099;2,8553;5,2523
420540705000626;4205407006;Saco Grande;Centro/Sede;179;2058,83;0,463855;0,349659;0,255522;0,2247;0,5303;0,9754;0,1694;0,3997;0,7353;0,1238;0,2921;0,5373
420540705000627;4205407006;Saco Grande;Centro/Sede;615;3390,79;0,463855;0,406115;0,344696;0,772;1,8218;3,3513;0,6759;1,5951;2,9341;0,5737;1,3538;2,4904
420540705000628;4205407006;Saco Grande;Centro/Sede;157;2477,45;0,463855;0,369624;0,285535;0,1971;0,4651;0,8555;0,157;0,3706;0,6817;0,1213;0,2863;0,5266
420540705000629;4205407006;Saco Grande;Centro/Sede;828;2795,2;0,463855;0,38325;0,306976;1,0394;2,4528;4,5119;0,8588;2,0266;3,7279;0,6878;1,6233;2,986
420540705000630;4205407006;Saco Grande;Centro/Sede;159;8057,65;0,463855;0,526528;0,579404;0,1996;0,471;0,8664;0,2266;0,5347;0,9835;0,2493;0,5883;1,0823
420540705000631;4205407002;Agronômica;Centro/Sede;659;1735,91;0,463855;0,332213;0,23066;0,8272;1,9522;3,591;0,5925;1,3982;2,5719;0,4114;0,9708;1,7857
420540705000632;4205407002;Agronômica;Centro/Sede;295;1767,7;0,463855;0,334027;0,233185;0,3703;0,8739;1,6075;0,2667;0,6293;1,1576;0,1862;0,4393;0,8081
420540705000633;4205407002;Agronômica;Centro/Sede;3;6946,18;0,463855;0,503596;0,530034;0,0038;0,0089;0,0163;0,0041;0,0096;0,0177;0,0043;0,0102;0,0187
420540705000634;4205407002;Agronômica;Centro/Sede;169;4948,0;0,463855;0,45487;0,432428;0,2121;0,5006;0,9209;0,208;0,4909;0,9031;0,1978;0,4667;0,8585
420540705000635;4205407006;Saco Grande;Centro/Sede;752;4088,26;0,463855;0,429556;0,385637;0,944;2,2277;4,0978;0,8742;2,063;3,7948;0,7848;1,852;3,4068
420540705000636;4205407006;Saco Grande;Centro/Sede;391;2318,29;0,463855;0,362334;0,274383;0,4908;1,1583;2,1306;0,3834;0,9048;1,6643;0,2903;0,6852;1,2603
420540705000637;4205407010;Pantanal;Centro/Sede;848;4252,24;0,463855;0,434654;0,394845;1,0645;2,5121;4,6209;0,9975;2,3539;4,33;0,9061;2,1383;3,9335
420540705000638;4205407010;Pantanal;Centro/Sede;340;2475,7;0,463855;0,369546;0,285414;0,4268;1,0072;1,8527;0,34;0,8024;1,476;0,2626;0,6197;1,14
420540705000639;4205407002;Agronômica;Centro/Sede;632;6735,92;0,463855;0,498974;0,520348;0,7933;1,8722;3,4439;0,8534;2,0139;3,7046;0,89;2,1002;3,8633
420540705000640;4205407002;Agronômica;Centro/Sede;161;3363,0;0,463855;0,405113;0,342998;0,2021;0,4769;0,8773;0,1765;0,4165;0,7662;0,1494;0,3527;0,6487
420540705000641;4205407001;Centro;Centro/Sede;285;1906,29;0,463855;0,341677;0,243989;0,3578;0,8443;1,553;0,2635;0,6219;1,144;0,1882;0,4441;0,8169
420540705000642;4205407001;Centro;Centro/Sede;295;1846,72;0,463855;0,338438;0,239385;0,3703;0,8739;1,6075;0,2702;0,6376;1,1729;0,1911;0,451;0,8296
420540705000644;4205407001;Centro;Centro/Sede;125;2633,58;0,463855;0,376463;0,296199;0,1569;0,3703;0,6812;0,1273;0,3005;0,5528;0,1002;0,2365;0,435
420540705000645;4205407001;Centro;Centro/Sede;189;2406,41;0,463855;0,366412;0,280594;0,2372;0,5599;1,0299;0,1874;0,4423;0,8135;0,1435;0,3387;0,623
420540705000646;4205407001;Centro;Centro/Sede;157;2462,66;0,463855;0,368961;0,284511;0,1971;0,4651;0,8555;0,1568;0,3699;0,6805;0,1209;0,2853;0,5247
420540705000647;4205407001;Centro;Centro/Sede;740;3559,23;0,463855;0,412065;0,35487;0,9289;2,1921;4,0324;0,8252;1,9474;3,5822;0,7107;1,6771;3,085
420540705000648;4205407001;Centro;Centro/Sede;128;3299,18;0,463855;0,402792;0,339078;0,1607;0,3792;0,6975;0,1395;0,3293;0,6057;0,1175;0,2772;0,5099
420540705000649;4205407002;Agronômica;Centro/Sede;62;2604,22;0,463855;0,375199;0,294214;0,0778;0,1837;0,3379;0,063;0,1486;0,2733;0,0494;0,1165;0,2143
420540705000650;4205407002;Agronômica;Centro/Sede;484;2026,88;0,463855;0,348022;0,253135;0,6076;1,4338;2,6374;0,4558;1,0757;1,9788;0,3316;0,7824;1,4393
420540705000651;4205407083;Saco dos Limões;Centro/Sede;894;1928,42;0,463855;0,342862;0,245684;1,1222;2,6483;4,8716;0,8295;1,9575;3,6009;0,5944;1,4027;2,5803
420540705000652;4205407083;Saco dos Limões;Centro/Sede;216;1811,87;0,463855;0,336509;0,236664;0,2711;0,6399;1,177;0,1967;0,4642;0,8539;0,1383;0,3265;0,6005
420540705000653;4205407083;Saco dos Limões;Centro/Sede;305;5328,51;0,463855;0,465094;0,452084;0,3829;0,9035;1,662;0,3839;0,9059;1,6664;0,3731;0,8806;1,6198
420540705000654;4205407083;Saco dos Limões;Centro/Sede;195;3300,53;0,463855;0,402841;0,339161;0,2448;0,5777;1,0626;0,2126;0,5017;0,9228;0,179;0,4224;0,7769
420540705000655;4205407083;Saco dos Limões;Centro/Sede;797;2967,97;0,463855;0,390208;0,318223;1,0005;2,361;4,343;0,8416;1,9861;3,6535;0,6864;1,6197;2,9795
420540705000656;4205407083;Saco dos Limões;Centro/Sede;160;2288,24;0,463855;0,360918;0,272243;0,2008;0,474;0,8719;0,1563;0,3688;0,6784;0,1179;0,2782;0,5117
420540705000657;4205407011;Costeira do Pirajubaé;Centro/Sede;352;3432,79;0,463855;0,407617;0,347252;0,4419;1,0427;1,9181;0,3883;0,9163;1,6856;0,3308;0,7806;1,4359
420540705000658;4205407011;Costeira do Pirajubaé;Centro/Sede;446;2414,62;0,463855;0,366786;0,281168;0,5599;1,3212;2,4303;0,4427;1,0447;1,9218;0,3394;0,8009;1,4732
420540705000659;4205407011;Costeira do Pirajubaé;Centro/Sede;792;3023,53;0,463855;0,392385;0,321784;0,9942;2,3462;4,3158;0,841;1,9847;3,6508;0,6897;1,6276;2,9939
420540705000660;4205407011;Costeira do Pirajubaé;Centro/Sede;81;2046,17;0,463855;0,349013;0,254578;0,1017;0,2399;0,4414;0,0765;0,1805;0,3321;0,0558;0,1317;0,2422
420540705000661;4205407001;Centro;Centro/Sede;324;1698,42;0,463855;0,330044;0,227658;0,4067;0,9598;1,7655;0,2894;0,6829;1,2562;0,1996;0,4711;0,8665
420540705000662;4205407001;Centro;Centro/Sede;668;1951,14;0,463855;0,344069;0,247417;0,8385;1,9788;3,6401;0,622;1,4678;2,7001;0,4473;1,0555;1,9416
420540705000663;4205407001;Centro;Centro/Sede;115;2179,71;0,463855;0,355695;0,264421;0,1444;0,3407;0,6267;0,1107;0,2612;0,4805;0,0823;0,1942;0,3572
420540705000664;4205407001;Centro;Centro/Sede;626;6165,96;0,463855;0,485913;0,493465;0,7858;1,8544;3,4112;0,8232;1,9426;3,5734;0,836;1,9728;3,629
420540705000665;4205407001;Centro;Centro/Sede;350;2084,52;0,463855;0,350962;0,25743;0,4393;1,0368;1,9072;0,3324;0,7845;1,443;0,2438;0,5754;1,0585
420540705000666;4205407006;Saco Grande;Centro/Sede;528;8453,3;0,463855;0,534154;0,59631;0,6628;1,5641;2,8772;0,7632;1,8012;3,3132;0,852;2,0108;3,6988
420540705000667;4205407006;Saco Grande;Centro/Sede;544;9278,46;0,463855;0,54929;0,630582;0,6829;1,6115;2,9644;0,8086;1,9083;3,5104;0,9283;2,1908;4,0299
420540708000001;4205407110;Barra da Lagoa;Leste;397;5590,99;0,463855;0,471851;0,465317;0,4983;1,176;2,1633;0,5069;1,1963;2,2006;0,4999;1,1798;2,1702
420540708000002;4205407110;Barra da Lagoa;Leste;766;3570,27;0,463855;0,412448;0,35553;0,9615;2,2692;4,1741;0,855;2,0177;3,7115;0,737;1,7392;3,1993
420540708000003;4205407110;Barra da Lagoa;Leste;608;4998,55;0,463855;0,456259;0,435073;0,7632;1,8011;3,3131;0,7507;1,7716;3,2589;0,7159;1,6893;3,1075
420540708000004;4205407110;Barra da Lagoa;Leste;642;3491,02;0,463855;0,40968;0,350774;0,8059;1,9018;3,4984;0,7118;1,6797;3,0898;0,6094;1,4382;2,6455
420540708000006;4205407110;Barra da Lagoa;Leste;892;3280,6;0,463855;0,40211;0,337931;1,1197;2,6424;4,8607;0,9707;2,2907;4,2137;0,8157;1,9251;3,5411
420540708000008;4205407110;Barra da Lagoa;Leste;500;2886,32;0,463855;0,386956;0,312941;0,6276;1,4812;2,7246;0,5236;1,2356;2,2729;0,4234;0,9993;1,8382
420540708000011;4205407110;Barra da Lagoa;Leste;842;3754,86;0,463855;0,418733;0,366448;1,0569;2,4943;4,5882;0,9541;2,2517;4,1419;0,835;1,9705;3,6247
420540708000012;4205407110;Barra da Lagoa;Leste;563;4404,06;0,463855;0,439253;0,403244;0,7067;1,6678;3,0679;0,6692;1,5793;2,9052;0,6144;1,4499;2,667
420540708000014;4205407110;Barra da Lagoa;Leste;162;7168,49;0,463855;0,508378;0,540148;0,2034;0,4799;0,8828;0,2229;0,526;0,9675;0,2368;0,5588;1,028
420540708000015;4205407110;Barra da Lagoa;Leste;454;3345,63;0,463855;0,404485;0,341934;0,5699;1,3449;2,4739;0,497;1,1728;2,1573;0,4201;0,9914;1,8237
420540708000016;4205407110;Barra da Lagoa;Leste;527;2918,94;0,463855;0,388263;0,315058;0,6615;1,5612;2,8717;0,5537;1,3067;2,4037;0,4493;1,0604;1,9505
420540710000003;4205407090;Cachoeira do Bom Jesus;Norte;355;5656,26;0,463855;0,473497;0,468569;0,4456;1,0516;1,9345;0,4549;1,0735;1,9747;0,4502;1,0623;1,9541
420540710000005;4205407090;Cachoeira do Bom Jesus;Norte;54;5416,17;0,463855;0,467376;0,456532;0,0678;0,16;0,2943;0,0683;0,1612;0,2965;0,0667;0,1574;0,2896
420540710000014;4205407112;Ponta das Canas;Norte;610;2945,12;0,463855;0,389305;0,316751;0,7657;1,807;3,324;0,6427;1,5166;2,7898;0,5229;1,234;2,2699
420540710000016;4205407113;Lagoinha do Norte;Norte;457;3025,42;0,463855;0,392459;0,321905;0,5737;1,3538;2,4903;0,4854;1,1454;2,107;0,3981;0,9395;1,7282
420540710000019;4205407092;Vargem do Bom Jesus;Norte;640;4209,99;0,463855;0,433354;0,392486;0,8034;1,8959;3,4875;0,7506;1,7712;3,2582;0,6798;1,6042;2,9509
420540710000020;4205407091;Vargem Grande;Norte;832;2950,63;0,463855;0,389523;0,317106;1,0444;2,4647;4,5337;0,877;2,0697;3,8072;0,714;1,6849;3,0994
420540710000021;4205407091;Vargem Grande;Norte;1401;3518,3;0,463855;0,410637;0,352416;1,7586;4,1502;7,6343;1,5569;3,6741;6,7585;1,3361;3,1532;5,8002
420540710000022;4205407091;Vargem Grande;Norte;531;4657,39;0,463855;0,446685;0,417005;0,6666;1,573;2,8935;0,6419;1,5148;2,7864;0,5992;1,4141;2,6013
420540710000023;4205407111;Praia Brava;Norte;149;9695,67;0,463855;0,556586;0,647445;0,187;0,4414;0,8119;0,2244;0,5296;0,9742;0,2611;0,6161;1,1333
420540710000029;4205407092;Vargem do Bom Jesus;Norte;45;2107,14;0,463855;0,352101;0,259103;0,0565;0,1333;0,2452;0,0429;0,1012;0,1861;0,0316;0,0745;0,137
420540710000030;4205407112;Ponta das Canas;Norte;1;4380,04;0,463855;0,438533;0,401923;0,0013;0,003;0,0054;0,0012;0,0028;0,0052;0,0011;0,0026;0,0047
420540710000034;4205407113;Lagoinha do Norte;Norte;114;6305,05;0,463855;0,489176;0,500114;0,1431;0,3377;0,6212;0,1509;0,3561;0,6551;0,1543;0,3641;0,6698
420540710000035;4205407091;Vargem Grande;Norte;961;3059,58;0,463855;0,393783;0,324081;1,2063;2,8468;5,2367;1,0241;2,4168;4,4456;0,8428;1,989;3,6587
420540710000036;4205407091;Vargem Grande;Norte;1174;3539,71;0,463855;0,411385;0,353701;1,4737;3,4778;6,3974;1,307;3,0844;5,6737;1,1237;2,6519;4,8782
420540710000037;4205407092;Vargem do Bom Jesus;Norte;635;3162,41;0,463855;0,397708;0,330573;0,7971;1,8811;3,4602;0,6834;1,6128;2,9668;0,5681;1,3406;2,466
420540710000041;4205407090;Cachoeira do Bom Jesus;Norte;273;2048,48;0,463855;0,349131;0,254751;0,3427;0,8087;1,4876;0,2579;0,6087;1,1197;0,1882;0,4442;0,817
420540710000042;4205407092;Vargem do Bom Jesus;Norte;303;3458,62;0,463855;0,408535;0,348817;0,3803;0,8976;1,6511;0,335;0,7905;1,4542;0,286;0,675;1,2416
420540710000044;4205407113;Lagoinha do Norte;Norte;8;4665,24;0,463855;0,446911;0,417427;0,01;0,0237;0,0436;0,0097;0,0228;0,042;0,009;0,0213;0,0392
420540710000045;4205407112;Ponta das Canas;Norte;368;4732,76;0,463855;0,448841;0,421041;0,4619;1,0901;2,0053;0,447;1,0549;1,9404;0,4193;0,9895;1,8202
420540710000046;4205407112;Ponta das Canas;Norte;293;5679,07;0,463855;0,474069;0,469702;0,3678;0,868;1,5966;0,3759;0,8871;1,6318;0,3724;0,8789;1,6167
420540710000047;4205407092;Vargem do Bom Jesus;Norte;926;2333,33;0,463855;0,363037;0,275449;1,1624;2,7431;5,046;0,9097;2,1469;3,9492;0,6903;1,6289;2,9964
420540710000048;4205407092;Vargem do Bom Jesus;Norte;1319;3617,65;0,463855;0,414082;0,358354;1,6557;3,9073;7,1875;1,478;3,4881;6,4163;1,2791;3,0186;5,5527
420540710000049;4205407092;Vargem do Bom Jesus;Norte;1139;2668,94;0,463855;0,377973;0,298579;1,4298;3,3741;6,2066;1,165;2,7494;5,0575;0,9203;2,1719;3,9952
420540710000050;4205407090;Cachoeira do Bom Jesus;Norte;146;9645,98;0,463855;0,555728;0,645452;0,1833;0,4325;0,7956;0,2196;0,5182;0,9532;0,255;0,6018;1,1071
420540710000051;4205407090;Cachoeira do Bom Jesus;Norte;300;8032,2;0,463855;0,526028;0,578305;0,3766;0,8887;1,6348;0,4271;1,0078;1,8539;0,4695;1,108;2,0381
420540710000052;4205407114;Cachoeira do Bom Jesus Leste;Norte;692;15509,64;0,463855;0,640825;0,858257;0,8687;2,0499;3,7709;1,2001;2,832;5,2095;1,6072;3,7929;6,9771
420540710000053;4205407114;Cachoeira do Bom Jesus Leste;Norte;823;3253,18;0,463855;0,401099;0,336233;1,0331;2,438;4,4847;0,8933;2,1082;3,8779;0,7489;1,7672;3,2508
420540710000056;4205407114;Cachoeira do Bom Jesus Leste;Norte;845;3786,78;0,463855;0,419797;0,368314;1,0607;2,5032;4,6046;0,96;2,2654;4,1672;0,8422;1,9876;3,6562
420540710000057;4205407114;Cachoeira do Bom Jesus Leste;Norte;525;2351,43;0,463855;0,36388;0,276729;0,659;1,5552;2,8608;0,517;1,22;2,2442;0,3932;0,9278;1,7067
420540710000058;4205407092;Vargem do Bom Jesus;Norte;679;3154,62;0,463855;0,397414;0,330084;0,8523;2,0114;3,7;0,7302;1,7233;3,17;0,6065;1,4314;2,633
420540710000059;4205407090;Cachoeira do Bom Jesus;Norte;1126;2618,19;0,463855;0,375802;0,29516;1,4134;3,3356;6,1358;1,1451;2,7024;4,9711;0,8994;2,1225;3,9043
420540710000060;4205407090;Cachoeira do Bom Jesus;Norte;287;3679,63;0,463855;0,416198;0,362025;0,3603;0,8502;1,5639;0,3233;0,7628;1,4032;0,2812;0,6635;1,2206
420540710000061;4205407090;Cachoeira do Bom Jesus;Norte;379;4439,5;0,463855;0,44031;0,405188;0,4758;1,1227;2,0652;0,4516;1,0657;1,9604;0,4156;0,9807;1,804
420540710000063;4205407111;Praia Brava;Norte;73;9547,06;0,463855;0,554012;0,641472;0,0916;0,2163;0,3978;0,1094;0,2583;0,4751;0,1267;0,2991;0,5501
420540710000064;4205407111;Praia Brava;Norte;18;7000,0;0,463855;0,504764;0,532494;0,0226;0,0533;0,0981;0,0246;0,058;0,1067;0,0259;0,0612;0,1126
420540710000065;4205407111;Praia Brava;Norte;23;15750,0;0,463855;0,643788;0,866212;0,0289;0,0681;0,1253;0,0401;0,0946;0,1739;0,0539;0,1272;0,234
420540710000066;4205407111;Praia Brava;Norte;33;8107,47;0,463855;0,527502;0,58155;0,0414;0,0978;0,1798;0,0471;0,1112;0,2045;0,0519;0,1226;0,2255
420540710000067;4205407112;Ponta das Canas;Norte;119;4254,11;0,463855;0,434712;0,394949;0,1494;0,3525;0,6485;0,14;0,3304;0,6077;0,1272;0,3002;0,5521
420540710000068;4205407112;Ponta das Canas;Norte;542;3447,13;0,463855;0,408128;0,348121;0,6804;1,6056;2,9535;0,5986;1,4127;2,5986;0,5106;1,205;2,2166
420540710000069;4205407090;Cachoeira do Bom Jesus;Norte;166;6470,46;0,463855;0,492991;0,507946;0,2084;0,4917;0,9046;0,2215;0,5226;0,9614;0,2282;0,5385;0,9906
420540710000070;4205407090;Cachoeira do Bom Jesus;Norte;44;8273,68;0,463855;0,530723;0,588675;0,0552;0,1303;0,2398;0,0632;0,1491;0,2743;0,0701;0,1654;0,3043
420540710000071;4205407090;Cachoeira do Bom Jesus;Norte;281;5416,17;0,463855;0,467376;0,456532;0,3527;0,8324;1,5312;0,3554;0,8387;1,5429;0,3472;0,8193;1,5071
420540710000072;4205407090;Cachoeira do Bom Jesus;Norte;115;6887,29;0,463855;0,502312;0,527333;0,1444;0,3407;0,6267;0,1563;0,3689;0,6786;0,1641;0,3873;0,7124
420540710000073;4205407112;Ponta das Canas;Norte;455;3806,26;0,463855;0,420444;0,36945;0,5712;1,3479;2,4794;0,5177;1,2217;2,2474;0,4549;1,0735;1,9748
420540710000074;4205407112;Ponta das Canas;Norte;654;2345,73;0,463855;0,363615;0,276327;0,821;1,9374;3,5638;0,6435;1,5187;2,7936;0,4891;1,1541;2,123
420540710000075;4205407114;Cachoeira do Bom Jesus Leste;Norte;237;3569,03;0,463855;0,412405;0,355456;0,2975;0,7021;1,2915;0,2645;0,6242;1,1482;0,228;0,538;0,9897
420540710000076;4205407114;Cachoeira do Bom Jesus Leste;Norte;294;9711,64;0,463855;0,55686;0,648084;0,3691;0,8709;1,6021;0,443;1,0456;1,9233;0,5156;1,2168;2,2384
420540710000077;4205407112;Ponta das Canas;Norte;141;6246,78;0,463855;0,487815;0,497336;0,177;0,4177;0,7683;0,1861;0,4393;0,808;0,1898;0,4478;0,8238
420540710000078;4205407112;Ponta das Canas;Norte;106;6175,92;0,463855;0,486149;0,493943;0,1331;0,314;0,5776;0,1395;0,3291;0,6054;0,1417;0,3344;0,6151
420540710000079;4205407112;Ponta das Canas;Norte;674;4505,97;0,463855;0,442278;0,408817;0,8461;1,9966;3,6728;0,8067;1,9037;3,5019;0,7457;1,7597;3,237
420540710000080;4205407112;Ponta das Canas;Norte;364;8643,42;0,463855;0,53773;0,604321;0,4569;1,0783;1,9835;0,5297;1,25;2,2994;0,5953;1,4048;2,5842
420540710000081;4205407114;Cachoeira do Bom Jesus Leste;Norte;796;2969,16;0,463855;0,390255;0,3183;0,9992;2,358;4,3376;0,8407;1,9839;3,6493;0,6857;1,6181;2,9765
420540710000082;4205407114;Cachoeira do Bom Jesus Leste;Norte;808;4838,28;0,463855;0,45182;0,426649;1,0143;2,3936;4,403;0,9879;2,3315;4,2887;0,9329;2,2016;4,0498
420540710000083;4205407091;Vargem Grande;Norte;600;3845,51;0,463855;0,42174;0,371731;0,7532;1,7774;3,2695;0,6848;1,616;2,9727;0,6036;1,4244;2,6202
420540710000084;4205407096;Vargem Pequena;Norte;644;3559,48;0,463855;0,412073;0,354885;0,8084;1,9077;3,5093;0,7182;1,6948;3,1175;0,6185;1,4596;2,6849
420540710000085;4205407092;Vargem do Bom Jesus;Norte;502;2109,28;0,463855;0,352208;0,259261;0,6301;1,4871;2,7355;0,4785;1,1292;2,0771;0,3522;0,8312;1,5289
420540710000088;4205407112;Ponta das Canas;Norte;77;3602,3;0,463855;0,413554;0,357441;0,0967;0,2281;0,4196;0,0862;0,2034;0,3741;0,0745;0,1758;0,3233
420540710000089;4205407092;Vargem do Bom Jesus;Norte;87;2638,89;0,463855;0,376691;0,296557;0,1092;0,2577;0,4741;0,0887;0,2093;0,385;0,0698;0,1648;0,3031
420540710000090;4205407092;Vargem do Bom Jesus;Norte;767;2333,81;0,463855;0,36306;0,275483;0,9628;2,2721;4,1795;0,7536;1,7784;3,2713;0,5718;1,3494;2,4822
420540710000091;4205407090;Cachoeira do Bom Jesus;Norte;143;5340,15;0,463855;0,465398;0,452677;0,1795;0,4236;0,7792;0,1801;0,425;0,7818;0,1752;0,4134;0,7605
420540710000092;4205407090;Cachoeira do Bom Jesus;Norte;605;2803,88;0,463855;0,383607;0,307547;0,7594;1,7922;3,2968;0,6281;1,4822;2,7264;0,5035;1,1883;2,1858
420540710000093;4205407092;Vargem do Bom Jesus;Norte;25;5000,13;0,463855;0,456303;0,435156;0,0314;0,0741;0,1362;0,0309;0,0729;0,134;0,0294;0,0695;0,1278
420540712000001;4205407118;Pedrita;Sul;894;3896,45;0,463855;0,423408;0,374677;1,1222;2,6483;4,8716;1,0244;2,4174;4,4468;0,9065;2,1392;3,935
420540712000002;4205407099;Rio Tavares do Norte;Sul;693;7506,95;0,463855;0,515463;0,555308;0,8699;2,0529;3,7763;0,9667;2,2813;4,1965;1,0414;2,4576;4,5208
420540712000010;4205407103;Campeche Leste;Sul;1016;7004,58;0,463855;0,504863;0,532703;1,2754;3,0097;5,5364;1,3881;3,2758;6,0258;1,4647;3,4565;6,3581
420540712000017;4205407099;Rio Tavares do Norte;Sul;748;5235,05;0,463855;0,462631;0,44731;0,9389;2,2158;4,076;0,9365;2,21;4,0653;0,9055;2,1368;3,9306
420540712000021;4205407101;Rio Tavares Central;Sul;835;5312,65;0,463855;0,464678;0,451277;1,0482;2,4736;4,5501;1,05;2,4779;4,5582;1,0197;2,4065;4,4267
420540712000023;4205407102;Campeche Central;Sul;1128;4714,71;0,463855;0,448327;0,420077;1,416;3,3415;6,1467;1,3686;3,2297;5,9409;1,2823;3,0262;5,5666
420540712000029;4205407118;Pedrita;Sul;193;3844,9;0,463855;0,42172;0,371695;0,2423;0,5717;1,0517;0,2203;0,5198;0,9562;0,1941;0,4581;0,8427
420540712000030;4205407103;Campeche Leste;Sul;2;5970,47;0,463855;0,481239;0,484018;0,0025;0,0059;0,0109;0,0026;0,0061;0,0113;0,0026;0,0062;0,0114
420540712000034;4205407115;Campeche Norte;Sul;565;8651,39;0,463855;0,537879;0,604655;0,7092;1,6737;3,0788;0,8224;1,9408;3,5701;0,9245;2,1818;4,0134
420540712000035;4205407103;Campeche Leste;Sul;1057;5094,53;0,463855;0,45887;0,440067;1,3268;3,1312;5,7598;1,3126;3,0975;5,6979;1,2588;2,9706;5,4644
420540712000036;4205407100;Lagoa Pequena;Sul;396;11199,61;0,463855;0,581192;0,705956;0,4971;1,1731;2,1579;0,6228;1,4698;2,7037;0,7565;1,7854;3,2842
420540712000037;4205407101;Rio Tavares Central;Sul;603;7158,71;0,463855;0,50817;0,539706;0,7569;1,7863;3,2859;0,8292;1,9569;3,5998;0,8807;2,0784;3,8232
420540712000038;4205407102;Campeche Central;Sul;866;5545,5;0,463855;0,470696;0,463042;1,0871;2,5654;4,719;1,1031;2,6032;4,7886;1,0852;2,5609;4,7107
420540712000039;4205407101;Rio Tavares Central;Sul;40;3465,23;0,463855;0,408769;0,349217;0,0502;0,1185;0,218;0,0442;0,1044;0,1921;0,0378;0,0892;0,1641
420540712000040;4205407117;Campeche Sul;Sul;368;4207,65;0,463855;0,433282;0,392356;0,4619;1,0901;2,0053;0,4315;1,0183;1,8731;0,3907;0,9221;1,6962
420540712000041;4205407117;Campeche Sul;Sul;220;5706,14;0,463855;0,474746;0,471044;0,2762;0,6517;1,1988;0,2826;0,667;1,227;0,2804;0,6618;1,2174
420540712000045;4205407117;Campeche Sul;Sul;173;3870,35;0,463855;0,422555;0,37317;0,2172;0,5125;0,9427;0,1978;0,4669;0,8588;0,1747;0,4123;0,7584
420540712000046;4205407103;Campeche Leste;Sul;580;5736,25;0,463855;0,475496;0,472534;0,7281;1,7182;3,1605;0,7463;1,7613;3,2399;0,7417;1,7503;3,2197
420540712000047;4205407116;Morro das Pedras;Sul;735;3592,21;0,463855;0,413206;0,35684;0,9226;2,1773;4,0052;0,8219;1,9396;3,5678;0,7098;1,675;3,0811
420540712000048;4205407117;Campeche Sul;Sul;917;5126,84;0,463855;0,459741;0,441739;1,1511;2,7165;4,9969;1,1409;2,6924;4,9526;1,0962;2,5869;4,7587
420540712000049;4205407117;Campeche Sul;Sul;451;5923,39;0,463855;0,480098;0,481724;0,5661;1,336;2,4576;0,586;1,3828;2,5437;0,5879;1,3875;2,5523
420540712000050;4205407103;Campeche Leste;Sul;527;4692,77;0,463855;0,4477;0,418903;0,6615;1,5612;2,8717;0,6385;1,5068;2,7717;0,5974;1,4099;2,5934
420540712000051;4205407103;Campeche Leste;Sul;629;5847,61;0,463855;0,478247;0,478017;0,7896;1,8633;3,4276;0,8141;1,9211;3,5339;0,8137;1,9202;3,5322
420540712000052;4205407117;Campeche Sul;Sul;708;5651,62;0,463855;0,473381;0,468338;0,8887;2,0973;3,858;0,907;2,1404;3,9373;0,8973;2,1176;3,8953
420540712000053;4205407117;Campeche Sul;Sul;700;4612,6;0,463855;0,445392;0,414595;0,8787;2,0736;3,8144;0,8437;1,9911;3,6626;0,7854;1,8534;3,4094
420540712000055;4205407102;Campeche Central;Sul;744;5852,88;0,463855;0,478376;0,478275;0,9339;2,204;4,0542;0,9632;2,273;4,1811;0,963;2,2725;4,1802
420540712000056;4205407116;Morro das Pedras;Sul;830;5850,14;0,463855;0,478309;0,478141;1,0419;2,4587;4,5228;1,0743;2,5354;4,6638;1,074;2,5345;4,6621
420540712000058;4205407103;Campeche Leste;Sul;624;6799,59;0,463855;0,500384;0,523294;0,7833;1,8485;3,4003;0,845;1,9941;3,6681;0,8837;2,0854;3,836
420540712000059;4205407103;Campeche Leste;Sul;734;6676,06;0,463855;0,497639;0,517569;0,9214;2,1744;3,9997;0,9885;2,3327;4,291;1,0281;2,4261;4,4629
420540712000062;4205407101;Rio Tavares Central;Sul;414;2784,41;0,463855;0,382806;0,306264;0,5197;1,2264;2,256;0,4289;1,0121;1,8618;0,3431;0,8097;1,4895
420540712000063;4205407011;Costeira do Pirajubaé;Centro/Sede;816;2907,95;0,463855;0,387824;0,314346;1,0243;2,4173;4,4466;0,8564;2,0211;3,7177;0,6942;1,6381;3,0134
420540712000064;4205407101;Rio Tavares Central;Sul;874;4795,39;0,463855;0,450615;0,424376;1,0971;2,5891;4,7626;1,0658;2,5152;4,6267;1,0037;2,3687;4,3573
420540712000065;4205407101;Rio Tavares Central;Sul;678;5621,21;0,463855;0,472615;0,466825;0,8511;2,0085;3,6946;0,8672;2,0464;3,7643;0,8565;2,0213;3,7182
420540712000066;4205407117;Campeche Sul;Sul;1043;4029,89;0,463855;0,427707;0,382324;1,3093;3,0897;5,6835;1,2072;2,8489;5,2406;1,0791;2,5466;4,6845
420540712000067;4205407117;Campeche Sul;Sul;756;5348,23;0,463855;0,465609;0,453088;0,949;2,2395;4,1196;0,9526;2,248;4,1352;0,927;2,1875;4,024
420540712000068;4205407100;Lagoa Pequena;Sul;669;5522,29;0,463855;0,470104;0,461878;0,8398;1,9818;3,6455;0,8511;2,0085;3,6946;0,8362;1,9734;3,63
420540712000069;4205407100;Lagoa Pequena;Sul;707;7111,79;0,463855;0,507169;0,53758;0,8875;2,0944;3,8526;0,9704;2,2899;4,2123;1,0285;2,4273;4,4649
420540712000070;4205407101;Rio Tavares Central;Sul;579;4797,71;0,463855;0,450681;0,424499;0,7268;1,7152;3,1551;0,7062;1,6665;3,0655;0,6651;1,5697;2,8874
420540712000071;4205407101;Rio Tavares Central;Sul;983;5474,24;0,463855;0,468874;0,459463;1,2339;2,912;5,3566;1,2473;2,9435;5,4145;1,2223;2,8844;5,3059
420540712000072;4205407115;Campeche Norte;Sul;642;5752,47;0,463855;0,475899;0,473335;0,8059;1,9018;3,4984;0,8268;1,9512;3,5892;0,8224;1,9407;3,5699
420540712000073;4205407115;Campeche Norte;Sul;865;7293,23;0,463855;0,511016;0,545768;1,0858;2,5624;4,7136;1,1962;2,8229;5,1928;1,2776;3,0149;5,5459
420540712000074;4205407115;Campeche Norte;Sul;553;5079,52;0,463855;0,458464;0,439288;0,6942;1,6382;3,0134;0,6861;1,6191;2,9784;0,6574;1,5514;2,8538
420540712000075;4205407115;Campeche Norte;Sul;514;6113,93;0,463855;0,48468;0,490963;0,6452;1,5226;2,8009;0,6742;1,591;2,9266;0,6829;1,6116;2,9646
420540712000076;4205407116;Morro das Pedras;Sul;982;3479,15;0,463855;0,409261;0,350058;1,2327;2,909;5,3511;1,0876;2,5666;4,7213;0,9303;2,1954;4,0383
420540712000077;4205407116;Morro das Pedras;Sul;431;6212,12;0,463855;0,487002;0,495678;0,541;1,2768;2,3486;0,568;1,3405;2,4658;0,5781;1,3644;2,5097
420540712000078;4205407117;Campeche Sul;Sul;805;6222,88;0,463855;0,487255;0,496193;1,0105;2,3847;4,3866;1,0615;2,505;4,6079;1,0809;2,5509;4,6924
420540712000079;4205407117;Campeche Sul;Sul;964;6283,18;0,463855;0,488666;0,499073;1,2101;2,8557;5,253;1,2748;3,0084;5,534;1,302;3,0725;5,6519
420540712000081;4205407100;Lagoa Pequena;Sul;370;9008,86;0,463855;0,544452;0,619524;0,4645;1,0961;2,0162;0,5452;1,2865;2,3665;0,6203;1,4639;2,6928
420540712000082;4205407100;Lagoa Pequena;Sul;498;9991,65;0,463855;0,561629;0,659232;0,6251;1,4752;2,7137;0,7569;1,7862;3,2857;0,8884;2,0966;3,8567
420540712000083;4205407100;Lagoa Pequena;Sul;543;13775,44;0,463855;0,61843;0,799318;0,6816;1,6085;2,9589;0,9088;2,1446;3,9449;1,1746;2,7719;5,0988
420540712000084;4205407115;Campeche Norte;Sul;386;9905,79;0,463855;0,560177;0,655827;0,4845;1,1435;2,1034;0,5852;1,3809;2,5402;0,6851;1,6167;2,9739
420540712000085;4205407115;Campeche Norte;Sul;508;17029,0;0,463855;0,659045;0,907757;0,6377;1,5049;2,7682;0,906;2,1381;3,9331;1,2479;2,945;5,4173
420540712000086;4205407115;Campeche Norte;Sul;165;9830,64;0,463855;0,558899;0,652838;0,2071;0,4888;0,8991;0,2496;0,5889;1,0833;0,2915;0,6879;1,2654
420540712000087;4205407115;Campeche Norte;Sul;535;7765,29;0,463855;0,520722;0,566697;0,6716;1,5849;2,9153;0,7539;1,7791;3,2727;0,8205;1,9362;3,5617
420540712000088;4205407115;Campeche Norte;Sul;349;9387,86;0,463855;0,551225;0,635033;0,4381;1,0339;1,9018;0,5206;1,2286;2,26;0,5998;1,4154;2,6036
420540712000089;4205407103;Campeche Leste;Sul;408;10052,97;0,463855;0,562661;0,661657;0,5122;1,2086;2,2233;0,6212;1,4661;2,6969;0,7306;1,724;3,1713
420540712000090;4205407103;Campeche Leste;Sul;488;5970,47;0,463855;0,481239;0,484018;0,6126;1,4456;2,6592;0,6355;1,4998;2,7589;0,6392;1,5085;2,7748
420540712000092;4205407105;Moenda;Sul;628;6991,65;0,463855;0,504583;0,532113;0,7883;1,8603;3,4221;0,8575;2,0237;3,7226;0,9043;2,1341;3,9257
420540712000093;4205407105;Moenda;Sul;885;3520,99;0,463855;0,410732;0,352578;1,1109;2,6217;4,8225;0,9837;2,3214;4,2702;0,8444;1,9927;3,6656
420540712000094;4205407117;Campeche Sul;Sul;467;5782,29;0,463855;0,476638;0,474806;0,5862;1,3834;2,5448;0,6024;1,4215;2,6149;0,6001;1,4161;2,6049
420540712000095;4205407099;Rio Tavares do Norte;Sul;480;8806,27;0,463855;0,54075;0,611127;0,6025;1,4219;2,6156;0,7024;1,6576;3,0492;0,7938;1,8734;3,4461
420540712000097;4205407102;Campeche Central;Sul;1006;4756,04;0,463855;0,449503;0,422283;1,2628;2,9801;5,4819;1,2237;2,8879;5,3123;1,1496;2,713;4,9906
420540712000098;4205407102;Campeche Central;Sul;661;4513,6;0,463855;0,442502;0,409232;0,8297;1,9581;3,6019;0,7915;1,868;3,4361;0,732;1,7275;3,1778
420540712000100;4205407105;Moenda;Sul;1075;6783,68;0,463855;0,500033;0,522559;1,3494;3,1845;5,8579;1,4547;3,4329;6,3148;1,5202;3,5875;6,5993
420540712000101;4205407102;Campeche Central;Sul;637;4710,27;0,463855;0,448201;0,41984;0,7996;1,887;3,4711;0,7726;1,8233;3,354;0,7237;1,708;3,1418
420540712000102;4205407102;Campeche Central;Sul;1015;8222,62;0,463855;0,529739;0,586492;1,2741;3,0068;5,5309;1,4551;3,4338;6,3165;1,611;3,8017;6,9933
420540712000103;4205407104;Autódromo;Sul;377;7966,83;0,463855;0,52474;0,575476;0,4732;1,1168;2,0544;0,5354;1,2634;2,324;0,5871;1,3855;2,5487
420540712000104;4205407104;Autódromo;Sul;935;6060,45;0,463855;0,483404;0,488381;1,1737;2,7698;5,095;1,2231;2,8865;5,3097;1,2357;2,9162;5,3644
420540712000105;4205407102;Campeche Central;Sul;718;4778,86;0,463855;0,450149;0,423497;0,9013;2,127;3,9125;0,8747;2,0641;3,7969;0,8229;1,9419;3,5721
420540712000106;4205407102;Campeche Central;Sul;473;2855,53;0,463855;0,385713;0,310934;0,5937;1,4012;2,5775;0,4937;1,1651;2,1433;0,398;0,9393;1,7277
420540712000107;4205407101;Rio Tavares Central;Sul;824;2551,31;0,463855;0,372896;0,290612;1,0343;2,441;4,4901;0,8315;1,9623;3,6097;0,648;1,5293;2,8131
420540712000108;4205407101;Rio Tavares Central;Sul;451;3865,19;0,463855;0,422386;0,372871;0,5661;1,336;2,4576;0,5155;1,2166;2,2379;0,4551;1,074;1,9755
420540712000109;4205407099;Rio Tavares do Norte;Sul;526;5757,08;0,463855;0,476014;0,473563;0,6603;1,5582;2,8663;0,6776;1,599;2,9414;0,6741;1,5908;2,9263
420540712000110;4205407099;Rio Tavares do Norte;Sul;429;5268,26;0,463855;0,46351;0,44901;0,5385;1,2708;2,3377;0,5381;1,2699;2,336;0,5213;1,2302;2,2629
420540712000111;4205407116;Morro das Pedras;Sul;244;13535,55;0,463855;0,615179;0,790937;0,3063;0,7228;1,3296;0,4062;0,9586;1,7634;0,5223;1,2325;2,2672
420540715000001;4205407119;Canasvieiras;Norte;394;6754,71;0,463855;0,499391;0,521219;0,4946;1,1672;2,147;0,5325;1,2566;2,3115;0,5557;1,3115;2,4125
420540715000002;4205407119;Canasvieiras;Norte;337;9545,92;0,463855;0,553993;0,641426;0,423;0,9983;1,8364;0,5052;1,1923;2,1932;0,585;1,3805;2,5394
420540715000003;4205407119;Canasvieiras;Norte;1326;4568,43;0,463855;0,444108;0,412208;1,6645;3,9281;7,2256;1,5936;3,7608;6,918;1,4792;3,4907;6,4211
420540715000004;4205407119;Canasvieiras;Norte;646;6566,33;0,463855;0,495171;0,512448;0,8109;1,9137;3,5202;0,8657;2,0429;3,7578;0,8959;2,1141;3,889
420540715000006;4205407119;Canasvieiras;Norte;566;5631,1;0,463855;0,472864;0,467317;0,7105;1,6767;3,0843;0,7243;1,7092;3,1442;0,7158;1,6892;3,1073
420540715000007;4205407119;Canasvieiras;Norte;179;6649,68;0,463855;0,497049;0,516341;0,2247;0,5303;0,9754;0,2408;0,5682;1,0452;0,2501;0,5903;1,0858
420540715000008;4205407119;Canasvieiras;Norte;288;4367,04;0,463855;0,438142;0,401207;0,3615;0,8532;1,5694;0,3415;0,8059;1,4824;0,3127;0,7379;1,3574
420540715000010;4205407119;Canasvieiras;Norte;229;4936,02;0,463855;0,45454;0,4318;0,2875;0,6784;1,2479;0,2817;0,6648;1,2228;0,2676;0,6315;1,1616
420540715000011;4205407119;Canasvieiras;Norte;208;4054,61;0,463855;0,428493;0,38373;0,2611;0,6162;1,1334;0,2412;0,5692;1,047;0,216;0,5097;0,9376
420540715000012;4205407119;Canasvieiras;Norte;221;3880,55;0,463855;0,422889;0,373759;0,2774;0,6547;1,2043;0,2529;0,5969;1,0979;0,2235;0,5275;0,9704
420540715000013;4205407119;Canasvieiras;Norte;259;6146,62;0,463855;0,485456;0,492536;0,3251;0,7672;1,4113;0,3403;0,803;1,4771;0,3452;0,8147;1,4986
420540715000014;4205407119;Canasvieiras;Norte;114;5532,04;0,463855;0,470353;0,462367;0,1431;0,3377;0,6212;0,1451;0,3424;0,6299;0,1426;0,3366;0,6192
420540715000015;4205407119;Canasvieiras;Norte;402;8601,49;0,463855;0,536946;0,60256;0,5046;1,1909;2,1906;0,5841;1,3785;2,5358;0,6555;1,547;2,8456
420540715000016;4205407119;Canasvieiras;Norte;565;5631,06;0,463855;0,472863;0,467315;0,7092;1,6737;3,0788;0,723;1,7062;3,1386;0,7145;1,6862;3,1018
420540715000017;4205407119;Canasvieiras;Norte;616;5180,17;0,463855;0,461171;0,444491;0,7733;1,8248;3,3567;0,7688;1,8142;3,3373;0,741;1,7486;3,2166
420540715000018;4205407119;Canasvieiras;Norte;450;4246,63;0,463855;0,434482;0,394532;0,5649;1,3331;2,4521;0,5291;1,2486;2,2969;0,4805;1,1338;2,0857
420540715000020;4205407120;Jurere Leste;Norte;617;3937,97;0,463855;0,424757;0,377068;0,7745;1,8278;3,3622;0,7092;1,6737;3,0788;0,6296;1,4858;2,7331
420540715000021;4205407120;Jurere Leste;Norte;685;5683,24;0,463855;0,474174;0,469909;0,8599;2,0292;3,7327;0,879;2,0743;3,8157;0,8711;2,0557;3,7814
420540715000022;4205407120;Jurere Leste;Norte;266;8263,1;0,463855;0,53052;0,588223;0,3339;0,788;1,4495;0,3819;0,9012;1,6578;0,4234;0,9993;1,8381
420540715000023;4205407120;Jurere Leste;Norte;213;8874,81;0,463855;0,542009;0,613976;0,2674;0,631;1,1607;0,3124;0,7373;1,3562;0,3539;0,8352;1,5363
420540715000024;4205407120;Jurere Leste;Norte;355;8058,99;0,463855;0,526554;0,579461;0,4456;1,0516;1,9345;0,5059;1,1938;2,1959;0,5567;1,3137;2,4166
420540715000026;4205407120;Jurere Leste;Norte;254;10406,35;0,463855;0,568523;0,675515;0,3188;0,7524;1,3841;0,3908;0,9222;1,6964;0,4643;1,0958;2,0157
420540715000027;4205407120;Jurere Leste;Norte;556;10476,22;0,463855;0,569666;0,678233;0,6979;1,6471;3,0298;0,8571;2,0228;3,7209;1,0205;2,4083;4,43
420540715000028;4205407120;Jurere Leste;Norte;462;17596,59;0,463855;0,66556;0,925792;0,5799;1,3686;2,5175;0,8321;1,9637;3,6123;1,1575;2,7315;5,0247
420540715000029;4205407120;Jurere Leste;Norte;345;13108,53;0,463855;0,609291;0,775869;0,4331;1,022;1,88;0,5689;1,3424;2,4694;0,7244;1,7095;3,1446
420540715000031;4205407121;Jurere Oeste;Norte;154;11270,85;0,463855;0,582298;0,708647;0,1933;0,4562;0,8392;0,2427;0,5727;1,0535;0,2953;0,697;1,282
420540715000032;4205407121;Jurere Oeste;Norte;307;15850,0;0,463855;0,645011;0,869508;0,3854;0,9094;1,6729;0,5359;1,2646;2,3263;0,7224;1,7048;3,1359
420540715000033;4205407121;Jurere Oeste;Norte;625;15124,74;0,463855;0,636012;0,845413;0,7845;1,8515;3,4058;1,0757;2,5386;4,6698;1,4299;3,3744;6,2073
420540715000035;4205407122;Forte;Norte;170;3933,63;0,463855;0,424616;0,376818;0,2134;0,5036;0,9264;0,1953;0,461;0,848;0,1734;0,4091;0,7525
420540715000039;4205407094;Canto do Lamim;Norte;375;3532,17;0,463855;0,411122;0,353249;0,4707;1,1109;2,0435;0,4172;0,9846;1,8111;0,3585;0,846;1,5562
420540715000042;4205407093;Jurerê;Norte;50;3758,82;0,463855;0,418865;0,36668;0,0628;0,1481;0,2725;0,0567;0,1338;0,246;0,0496;0,1171;0,2154
420540715000044;4205407120;Jurere Leste;Norte;222;11549,49;0,463855;0,58658;0,719107;0,2787;0,6576;1,2097;0,3524;0,8316;1,5298;0,432;1,0195;1,8754
420540715000047;4205407093;Jurerê;Norte;554;3810,6;0,463855;0,420588;0,369702;0,6954;1,6411;3,0189;0,6306;1,4881;2,7373;0,5543;1,308;2,4061
420540715000048;4205407095;Vargem de Fora;Norte;1017;2686,23;0,463855;0,378705;0,299738;1,2766;3,0127;5,5418;1,0423;2,4597;4,5245;0,8249;1,9468;3,5811
420540715000049;4205407119;Canasvieiras;Norte;228;3763,55;0,463855;0,419023;0,366957;0,2862;0,6754;1,2424;0,2585;0,6101;1,1223;0,2264;0,5343;0,9829
420540715000050;4205407119;Canasvieiras;Norte;419;3954,57;0,463855;0,425293;0,378021;0,526;1,2412;2,2832;0,4822;1,138;2,0934;0,4286;1,0115;1,8607
420540715000051;4205407119;Canasvieiras;Norte;471;6395,16;0,463855;0,491263;0,504391;0,5912;1,3953;2,5666;0,6262;1,4777;2,7182;0,6429;1,5172;2,7909
420540715000052;4205407119;Canasvieiras;Norte;312;7515,55;0,463855;0,51564;0,55569;0,3916;0,9242;1,7002;0,4354;1,0274;1,89;0,4692;1,1072;2,0368
420540715000053;4205407119;Canasvieiras;Norte;522;5339,12;0,463855;0,465371;0,452624;0,6553;1,5463;2,8445;0,6574;1,5514;2,8538;0,6394;1,5089;2,7756
420540715000054;4205407095;Vargem de Fora;Norte;766;2083,52;0,463855;0,350912;0,257356;0,9615;2,2692;4,1741;0,7274;1,7166;3,1578;0,5335;1,259;2,3159
420540715000055;4205407123;Daniela;Norte;582;9523,51;0,463855;0,553602;0,640522;0,7306;1,7241;3,1714;0,8719;2,0577;3,7851;1,0088;2,3807;4,3793
420540715000057;4205407123;Daniela;Norte;506;8094,65;0,463855;0,527252;0,580998;0,6352;1,4989;2,7573;0,722;1,7038;3,1342;0,7956;1,8775;3,4536
420540715000058;4205407120;Jurere Leste;Norte;638;12838,49;0,463855;0,605498;0,766239;0,8009;1,89;3,4766;1,0454;2,4671;4,5382;1,3229;3,122;5,743
420540715000059;4205407120;Jurere Leste;Norte;621;11030,62;0,463855;0,578547;0,699546;0,7795;1,8396;3,384;0,9723;2,2945;4,2207;1,1756;2,7743;5,1034
420540715000060;4205407121;Jurere Oeste;Norte;665;19464,0;0,463855;0,686007;0,983548;0,8348;1,97;3,6237;1,2345;2,9134;5,3592;1,77;4,177;7,6837
420540715000061;4205407121;Jurere Oeste;Norte;229;16453,02;0,463855;0,652277;0,889208;0,2875;0,6784;1,2479;0,4042;0,9539;1,7548;0,5511;1,3004;2,3922
420540715000062;4205407095;Vargem de Fora;Norte;645;1521,72;0,463855;0,319344;0,213136;0,8097;1,9107;3,5147;0,5574;1,3154;2,4197;0,372;0,8779;1,615
420540715000063;4205407119;Canasvieiras;Norte;920;2537,75;0,463855;0,3723;0,289685;1,1549;2,7253;5,0133;0,9269;2,1874;4,0238;0,7212;1,702;3,1309
420540715000064;4205407119;Canasvieiras;Norte;985;3490,95;0,463855;0,409677;0,35077;1,2364;2,9179;5,3675;1,092;2,5771;4,7406;0,935;2,2065;4,0589
420540715000066;4205407119;Canasvieiras;Norte;747;7913,05;0,463855;0,523675;0,573142;0,9377;2,2129;4,0706;1,0586;2,4982;4,5955;1,1586;2,7342;5,0296
420540715000070;4205407121;Jurere Oeste;Norte;623;21815,62;0,463855;0,709886;1,0;0,782;1,8455;3,3949;1,1968;2,8244;5,1955;1,686;3,9787;7,3188
420540715000072;4205407119;Canasvieiras;Norte;579;4182,27;0,463855;0,432496;0,390934;0,7268;1,7152;3,1551;0,6777;1,5992;2,9418;0,6125;1,4456;2,6591
420540715000073;4205407093;Jurerê;Norte;247;3806,83;0,463855;0,420463;0,369483;0,3101;0,7317;1,346;0,281;0,6632;1,22;0,247;0,5828;1,0721
420540715000074;4205407093;Jurerê;Norte;262;4404,73;0,463855;0,439273;0,403281;0,3289;0,7761;1,4277;0,3115;0,735;1,352;0,2859;0,6748;1,2413
420540715000075;4205407093;Jurerê;Norte;377;4002,36;0,463855;0,426829;0,380755;0,4732;1,1168;2,0544;0,4355;1,0277;1,8904;0,3885;0,9167;1,6863
420540720000001;4205407126;Ingleses Sul;Norte;507;5345,91;0,463855;0,465549;0,45297;0,6364;1,5019;2,7627;0,6387;1,5074;2,7728;0,6215;1,4667;2,6979
420540720000002;4205407126;Ingleses Sul;Norte;669;3246,25;0,463855;0,400842;0,335804;0,8398;1,9818;3,6455;0,7257;1,7126;3,1503;0,608;1,4347;2,6391
420540720000004;4205407126;Ingleses Sul;Norte;293;5238,29;0,463855;0,462717;0,447476;0,3678;0,868;1,5966;0,3669;0,8658;1,5927;0,3548;0,8373;1,5402
420540720000006;4205407126;Ingleses Sul;Norte;519;5331,2;0,463855;0,465164;0,452221;0,6515;1,5375;2,8281;0,6533;1,5418;2,8361;0,6351;1,4989;2,7572
420540720000008;4205407127;Santinho;Norte;277;4235,55;0,463855;0,434142;0,393915;0,3477;0,8206;1,5094;0,3254;0,768;1,4127;0,2953;0,6968;1,2818
420540720000009;4205407127;Santinho;Norte;594;3987,99;0,463855;0,426368;0,379934;0,7456;1,7596;3,2368;0,6854;1,6174;2,9752;0,6107;1,4413;2,6512
420540720000010;4205407127;Santinho;Norte;740;3492,6;0,463855;0,409735;0,350869;0,9289;2,1921;4,0324;0,8205;1,9364;3,5619;0,7026;1,6582;3,0502
420540720000011;4205407127;Santinho;Norte;659;4859,19;0,463855;0,452405;0,427754;0,8272;1,9522;3,591;0,8068;1,904;3,5024;0,7628;1,8002;3,3115
420540720000012;4205407127;Santinho;Norte;752;4890,83;0,463855;0,453287;0,429423;0,944;2,2277;4,0978;0,9225;2,1769;4,0044;0,8739;2,0623;3,7936
420540720000013;4205407127;Santinho;Norte;692;3405,9;0,463855;0,406657;0,345617;0,8687;2,0499;3,7709;0,7615;1,7972;3,3059;0,6472;1,5274;2,8097
420540720000014;4205407124;Ingleses Centro;Norte;62;5986,89;0,463855;0,481636;0,484816;0,0778;0,1837;0,3379;0,0808;0,1907;0,3508;0,0813;0,192;0,3531
420540720000015;4205407124;Ingleses Centro;Norte;152;6048,65;0,463855;0,483121;0,487811;0,1908;0,4503;0,8283;0,1987;0,469;0,8627;0,2007;0,4735;0,8711
420540720000020;4205407124;Ingleses Centro;Norte;205;7870,51;0,463855;0,522829;0,571292;0,2573;0,6073;1,1171;0,29;0,6845;1,2591;0,3169;0,7479;1,3758
420540720000021;4205407124;Ingleses Centro;Norte;1060;5692,01;0,463855;0,474393;0,470344;1,3306;3,1401;5,7762;1,3608;3,2114;5,9074;1,3492;3,184;5,857
420540720000022;4205407124;Ingleses Centro;Norte;1203;3619,92;0,463855;0,41416;0,358489;1,5101;3,5637;6,5554;1,3483;3,1819;5,8531;1,1671;2,7542;5,0663
420540720000023;4205407124;Ingleses Centro;Norte;535;5213,35;0,463855;0,462055;0,446197;0,6716;1,5849;2,9153;0,669;1,5787;2,904;0,646;1,5245;2,8043
420540720000024;4205407125;Ingleses Norte;Norte;370;8431,17;0,463855;0,533734;0,595373;0,4645;1,0961;2,0162;0,5344;1,2612;2,3199;0,5961;1,4068;2,5879
420540720000025;4205407125;Ingleses Norte;Norte;358;7816,03;0,463855;0,52174;0,568916;0,4494;1,0605;1,9508;0,5055;1,1929;2,1943;0,5512;1,3007;2,3927
420540720000026;4205407125;Ingleses Norte;Norte;567;10324,09;0,463855;0,567171;0,672306;0,7117;1,6796;3,0897;0,8703;2,0538;3,7779;1,0316;2,4345;4,4782
420540720000027;4205407125;Ingleses Norte;Norte;212;11697,15;0,463855;0,58882;0,72461;0,2661;0,628;1,1552;0,3378;0,7972;1,4665;0,4157;0,9811;1,8046
420540720000043;4205407126;Ingleses Sul;Norte;1017;1821,49;0,463855;0,337044;0,237417;1,2766;3,0127;5,5418;0,9276;2,1891;4,0268;0,6534;1,542;2,8365
420540720000045;4205407126;Ingleses Sul;Norte;1;5284,74;0,463855;0,463944;0,449853;0,0013;0,003;0,0054;0,0013;0,003;0,0055;0,0012;0,0029;0,0053
420540720000046;4205407124;Ingleses Centro;Norte;175;5476,43;0,463855;0,46893;0,459573;0,2197;0,5184;0,9536;0,2221;0,5241;0,964;0,2176;0,5136;0,9448
420540720000047;4205407128;Capivari;Norte;272;4438,45;0,463855;0,440279;0,40513;0,3414;0,8058;1,4822;0,3241;0,7648;1,4069;0,2982;0,7037;1,2945
420540720000049;4205407126;Ingleses Sul;Norte;114;7833,37;0,463855;0,522087;0,569673;0,1431;0,3377;0,6212;0,1611;0,3801;0,6992;0,1757;0,4147;0,7629
420540720000050;4205407126;Ingleses Sul;Norte;431;4496,41;0,463855;0,441996;0,408296;0,541;1,2768;2,3486;0,5155;1,2166;2,2379;0,4762;1,1238;2,0673
420540720000051;4205407126;Ingleses Sul;Norte;529;5347,59;0,463855;0,465593;0,453055;0,664;1,5671;2,8826;0,6665;1,5729;2,8934;0,6486;1,5306;2,8155
420540720000052;4205407126;Ingleses Sul;Norte;282;6132,73;0,463855;0,485126;0,491868;0,354;0,8354;1,5367;0,3702;0,8737;1,6071;0,3754;0,8858;1,6295
420540720000053;4205407127;Santinho;Norte;540;4463,19;0,463855;0,441014;0,406484;0,6778;1,5997;2,9426;0,6445;1,5209;2,7977;0,594;1,4018;2,5786
420540720000054;4205407127;Santinho;Norte;739;3206,26;0,463855;0,399354;0,333315;0,9277;2,1892;4,027;0,7987;1,8848;3,467;0,6666;1,5731;2,8937
420540720000055;4205407124;Ingleses Centro;Norte;795;4914,5;0,463855;0,453944;0,430669;0,9979;2,3551;4,3321;0,9766;2,3047;4,2396;0,9265;2,1866;4,0222
420540720000056;4205407124;Ingleses Centro;Norte;832;4159,73;0,463855;0,431796;0,389668;1,0444;2,4647;4,5337;0,9722;2,2943;4,2204;0,8774;2,0705;3,8086
420540720000057;4205407124;Ingleses Centro;Norte;474;5270,73;0,463855;0,463575;0,449137;0,595;1,4041;2,5829;0,5946;1,4033;2,5814;0,5761;1,3596;2,501
420540720000058;4205407124;Ingleses Centro;Norte;921;3751,28;0,463855;0,418613;0,366238;1,1561;2,7283;5,0187;1,0433;2,4622;4,5292;0,9128;2,1541;3,9625
420540720000059;4205407124;Ingleses Centro;Norte;583;6450,76;0,463855;0,49254;0,507017;0,7318;1,727;3,1769;0,7771;1,8338;3,3734;0,7999;1,8877;3,4725
420540720000060;4205407124;Ingleses Centro;Norte;430;9078,6;0,463855;0,545713;0,622397;0,5398;1,2738;2,3432;0,635;1,4986;2,7567;0,7243;1,7092;3,144
420540720000061;4205407124;Ingleses Centro;Norte;215;7986,01;0,463855;0,525119;0,576307;0,2699;0,6369;1,1716;0,3055;0,721;1,3263;0,3353;0,7913;1,4556
420540720000062;4205407124;Ingleses Centro;Norte;228;7885,61;0,463855;0,52313;0,571949;0,2862;0,6754;1,2424;0,3228;0,7617;1,4012;0,3529;0,8328;1,5319
420540720000063;4205407125;Ingleses Norte;Norte;306;9970,99;0,463855;0,561281;0,658414;0,3841;0,9065;1,6675;0,4648;1,0969;2,0177;0,5452;1,2867;2,3669
420540720000064;4205407125;Ingleses Norte;Norte;388;7812,04;0,463855;0,521661;0,568741;0,487;1,1494;2,1143;0,5477;1,2926;2,3778;0,5972;1,4093;2,5924
420540720000065;4205407128;Capivari;Norte;1000;3244,6;0,463855;0,400781;0,335701;1,2553;2,9623;5,4492;1,0846;2,5595;4,7082;0,9085;2,1439;3,9437
420540720000066;4205407128;Capivari;Norte;1442;2962,52;0,463855;0,389993;0,317872;1,8101;4,2717;7,8578;1,5219;3,5915;6,6065;1,2404;2,9273;5,3848
420540720000067;4205407128;Capivari;Norte;1717;2700,41;0,463855;0,379304;0,300686;2,1553;5,0863;9,3563;1,7624;4,1592;7,6508;1,3971;3,2971;6,0651
420540720000068;4205407128;Capivari;Norte;1973;2839,5;0,463855;0,385062;0,309885;2,4767;5,8447;10,7513;2,056;4,8519;8,925;1,6546;3,9046;7,1826
420540720000070;4205407128;Capivari;Norte;703;3981,77;0,463855;0,426169;0,379579;0,8825;2,0825;3,8308;0,8108;1,9133;3,5196;0,7221;1,7042;3,1348
420540720000071;4205407128;Capivari;Norte;695;5238,05;0,463855;0,462711;0,447464;0,8724;2,0588;3,7872;0,8703;2,0537;3,7779;0,8416;1,9861;3,6534
420540720000072;4205407128;Capivari;Norte;557;4235,16;0,463855;0,43413;0,393893;0,6992;1,65;3,0352;0,6544;1,5443;2,8407;0,5937;1,4012;2,5774
420540720000073;4205407128;Capivari;Norte;1148;3863,38;0,463855;0,422327;0,372766;1,4411;3,4008;6,2557;1,312;3,0963;5,6956;1,1581;2,7329;5,0272
420540720000074;4205407128;Capivari;Norte;1168;3391,33;0,463855;0,406134;0,344729;1,4662;3,46;6,3647;1,2837;3,0295;5,5727;1,0896;2,5714;4,7301
420540720000075;4205407128;Capivari;Norte;1258;3029,02;0,463855;0,392599;0,322135;1,5791;3,7266;6,8551;1,3366;3,1541;5,802;1,0967;2,588;4,7607
420540720000076;4205407128;Capivari;Norte;1375;3544,6;0,463855;0,411556;0,353994;1,726;4,0732;7,4927;1,5314;3,614;6,6479;1,3172;3,1085;5,7181
420540720000077;4205407128;Capivari;Norte;1586;3722,12;0,463855;0,417634;0,364528;1,9909;4,6983;8,6424;1,7925;4,2301;7,7813;1,5646;3,6922;6,7918
420540720000078;4205407128;Capivari;Norte;1179;4361,82;0,463855;0,437985;0,400919;1,48;3,4926;6,4246;1,3974;3,2978;6,0663;1,2792;3,0187;5,5529
420540720000079;4205407128;Capivari;Norte;1006;3272,63;0,463855;0,401816;0,337438;1,2628;2,9801;5,4819;1,0939;2,5815;4,7487;0,9186;2,1679;3,9879
420540720000081;4205407128;Capivari;Norte;1209;3639,77;0,463855;0,41484;0,359667;1,5176;3,5815;6,5881;1,3573;3,203;5,8919;1,1768;2,777;5,1083
420540720000082;4205407128;Capivari;Norte;888;3315,87;0,463855;0,403402;0,340106;1,1147;2,6306;4,8389;0,9694;2,2877;4,2083;0,8173;1,9288;3,548
420540720000083;4205407128;Capivari;Norte;843;4077,72;0,463855;0,429224;0,385041;1,0582;2,4973;4,5937;0,9792;2,3108;4,2507;0,8784;2,0729;3,8132
420540720000084;4205407128;Capivari;Norte;953;2980,07;0,463855;0,390685;0,319001;1,1963;2,8231;5,1931;1,0076;2,3778;4,3739;0,8227;1,9415;3,5714
420540720000085;4205407128;Capivari;Norte;789;4367,96;0,463855;0,43817;0,401258;0,9904;2,3373;4,2994;0,9356;2,2079;4,0614;0,8568;2,0219;3,7192
420540720000087;4205407128;Capivari;Norte;752;3846,14;0,463855;0,421761;0,371767;0,944;2,2277;4,0978;0,8583;2,0255;3,7259;0,7566;1,7854;3,2843
420540720000088;4205407128;Capivari;Norte;411;3983,54;0,463855;0,426225;0,37968;0,5159;1,2175;2,2396;0,4741;1,1188;2,0579;0,4223;0,9966;1,8332
420540720000089;4205407128;Capivari;Norte;303;2403,25;0,463855;0,366267;0,280373;0,3803;0,8976;1,6511;0,3003;0,7088;1,3037;0,2299;0,5425;0,998
420540720000090;4205407128;Capivari;Norte;807;2762,62;0,463855;0,381905;0,304824;1,013;2,3906;4,3975;0,834;1,9683;3,6206;0,6657;1,571;2,8898
420540720000091;4205407128;Capivari;Norte;694;3881,01;0,463855;0,422904;0,373786;0,8712;2,0559;3,7818;0,7943;1,8744;3,4479;0,702;1,6567;3,0474
420540720000092;4205407128;Capivari;Norte;1106;4419,65;0,463855;0,439719;0,4041;1,3883;3,2763;6,0268;1,3161;3,1059;5,7132;1,2095;2,8543;5,2504
420540720000093;4205407128;Capivari;Norte;86;4007,68;0,463855;0,426999;0,381059;0,108;0,2548;0,4686;0,0994;0,2345;0,4314;0,0887;0,2093;0,385
420540720000094;4205407128;Capivari;Norte;474;3872,96;0,463855;0,422641;0,373321;0,595;1,4041;2,5829;0,5421;1,2794;2,3534;0,4789;1,1301;2,0788
420540720000095;4205407128;Capivari;Norte;654;3729,07;0,463855;0,417868;0,364936;0,821;1,9374;3,5638;0,7396;1,7453;3,2105;0,6459;1,5242;2,8038
420540720000096;4205407128;Capivari;Norte;929;4858,74;0,463855;0,452393;0,427731;1,1662;2,752;5,0623;1,1373;2,684;4,9372;1,0753;2,5377;4,6681
420540720000097;4205407128;Capivari;Norte;719;4229,53;0,463855;0,433957;0,393578;0,9025;2,1299;3,918;0,8444;1,9926;3,6654;0,7658;1,8072;3,3244
420540720000098;4205407128;Capivari;Norte;557;3240,32;0,463855;0,400622;0,335435;0,6992;1,65;3,0352;0,6039;1,4251;2,6214;0,5056;1,1932;2,1949
420540720000099;4205407128;Capivari;Norte;669;3364,33;0,463855;0,405162;0,34308;0,8398;1,9818;3,6455;0,7335;1,731;3,1842;0,6211;1,4658;2,6963
420540720000100;4205407127;Santinho;Norte;20;2100,0;0,463855;0,351742;0,258576;0,0251;0,0592;0,109;0,019;0,0449;0,0826;0,014;0,033;0,0608
420540720000101;4205407126;Ingleses Sul;Norte;97;1981,23;0,463855;0,345652;0,249699;0,1218;0,2873;0,5286;0,0907;0,2141;0,3939;0,0655;0,1547;0,2845
420540720000102;4205407125;Ingleses Norte;Norte;9;9201,08;0,463855;0,547911;0,627421;0,0113;0,0267;0,049;0,0133;0,0315;0,0579;0,0153;0,0361;0,0663
420540720000103;4205407128;Capivari;Norte;14;3722,12;0,463855;0,417634;0,364528;0,0176;0,0415;0,0763;0,0158;0,0373;0,0687;0,0138;0,0326;0,06
420540720000104;4205407124;Ingleses Centro;Norte;335;1921,31;0,463855;0,342482;0,24514;0,4205;0,9924;1,8255;0,3105;0,7327;1,3478;0,2222;0,5245;0,9647
420540720000105;4205407128;Capivari;Norte;789;3026,07;0,463855;0,392484;0,321946;0,9904;2,3373;4,2994;0,838;1,9777;3,6379;0,6874;1,6222;2,9841
420540720000106;4205407128;Capivari;Norte;701;3001,74;0,463855;0,391535;0,320391;0,8799;2,0766;3,8199;0,7428;1,7528;3,2243;0,6078;1,4343;2,6385
420540725000001;4205407129;Lagoa;Leste;769;5382,51;0,463855;0,466503;0,454828;0,9653;2,278;4,1904;0,9708;2,291;4,2144;0,9465;2,2337;4,1089
420540725000002;4205407129;Lagoa;Leste;842;6498,51;0,463855;0,493631;0,509266;1,0569;2,4943;4,5882;1,1248;2,6544;4,8828;1,1604;2,7385;5,0374
420540725000004;4205407129;Lagoa;Leste;380;5762,69;0,463855;0,476153;0,473839;0,477;1,1257;2,0707;0,4897;1,1555;2,1256;0,4873;1,1499;2,1153
420540725000005;4205407129;Lagoa;Leste;432;5762,69;0,463855;0,476153;0,473839;0,5423;1,2797;2,3541;0,5567;1,3137;2,4165;0,554;1,3073;2,4047
420540725000006;4205407129;Lagoa;Leste;819;8485,73;0,463855;0,534768;0,597681;1,0281;2,4262;4,4629;1,1852;2,7971;5,1452;1,3247;3,1261;5,7505
420540725000007;4205407129;Lagoa;Leste;831;7086,57;0,463855;0,506628;0,536436;1,0431;2,4617;4,5283;1,1393;2,6887;4,9459;1,2064;2,8469;5,2368
420540725000008;4205407129;Lagoa;Leste;257;7758,96;0,463855;0,520595;0,566419;0,3226;0,7613;1,4004;0,3621;0,8544;1,5718;0,3939;0,9297;1,7101
420540725000009;4205407129;Lagoa;Leste;722;13700,43;0,463855;0,617417;0,796703;0,9063;2,1388;3,9343;1,2064;2,8469;5,2368;1,5567;3,6736;6,7575
420540725000010;4205407130;Canto dos Araçás;Leste;333;5969,11;0,463855;0,481207;0,483951;0,418;0,9865;1,8146;0,4336;1,0234;1,8825;0,4361;1,0292;1,8932
420540725000012;4205407132;Porto da Lagoa;Leste;914;9236,23;0,463855;0,548538;0,628858;1,1473;2,7076;4,9806;1,3568;3,2019;5,8899;1,5555;3,6707;6,7523
420540725000014;4205407132;Porto da Lagoa;Leste;942;10277,25;0,463855;0,566398;0,670474;1,1825;2,7905;5,1332;1,4439;3,4074;6,2679;1,7092;4,0335;7,4197
420540725000015;4205407133;Dunas da Lagoa;Leste;311;6885,12;0,463855;0,502264;0,527233;0,3904;0,9213;1,6947;0,4227;0,9976;1,835;0,4437;1,0472;1,9263
420540725000016;4205407134;Retiro;Leste;696;3777,59;0,463855;0,419491;0,367777;0,8737;2,0618;3,7926;0,7901;1,8646;3,4299;0,6927;1,6347;3,0071
420540725000017;4205407134;Retiro;Leste;466;5471,43;0,463855;0,468801;0,459321;0,585;1,3804;2,5393;0,5912;1,3952;2,5664;0,5792;1,367;2,5145
420540725000021;4205407135;Praia Mole;Leste;12;6000,0;0,463855;0,481952;0,485453;0,0151;0,0355;0,0654;0,0157;0,0369;0,0679;0,0158;0,0372;0,0684
420540725000022;4205407134;Retiro;Leste;39;9598,67;0,463855;0,554909;0,643551;0,049;0,1155;0,2125;0,0586;0,1382;0,2542;0,0679;0,1603;0,2948
420540725000024;4205407006;Saco Grande;Centro/Sede;413;3218,28;0,463855;0,399803;0,334065;0,5184;1,2234;2,2505;0,4468;1,0545;1,9398;0,3734;0,8811;1,6208
420540725000025;4205407006;Saco Grande;Centro/Sede;119;2473,68;0,463855;0,369455;0,285274;0,1494;0,3525;0,6485;0,119;0,2808;0,5165;0,0919;0,2168;0,3988
420540725000026;4205407099;Rio Tavares do Norte;Sul;161;16880,26;0,463855;0,657313;0,902991;0,2021;0,4769;0,8773;0,2864;0,6759;1,2432;0,3934;0,9285;1,7079
420540725000027;4205407132;Porto da Lagoa;Leste;16;11214,29;0,463855;0,58142;0,706511;0,0201;0,0474;0,0872;0,0252;0,0594;0,1093;0,0306;0,0722;0,1328
420540725000032;4205407130;Canto dos Araçás;Leste;161;6819,35;0,463855;0,50082;0,524206;0,2021;0,4769;0,8773;0,2182;0,5149;0,9472;0,2284;0,539;0,9915
420540725000033;4205407131;Canto da Lagoa;Leste;322;5637,42;0,463855;0,473024;0,467632;0,4042;0,9539;1,7546;0,4122;0,9727;1,7893;0,4075;0,9616;1,7689
420540725000034;4205407132;Porto da Lagoa;Leste;189;7194,19;0,463855;0,508924;0,541309;0,2372;0,5599;1,0299;0,2603;0,6143;1,13;0,2769;0,6534;1,2019
420540725000036;4205407129;Lagoa;Leste;486;5268,02;0,463855;0,463503;0,448998;0,6101;1,4397;2,6483;0,6096;1,4386;2,6463;0,5905;1,3936;2,5635
420540725000037;4205407135;Praia Mole;Leste;6;7248,0;0,463855;0,510063;0,543735;0,0075;0,0178;0,0327;0,0083;0,0195;0,036;0,0088;0,0208;0,0383
420540725000040;4205407131;Canto da Lagoa;Leste;426;8117,52;0,463855;0,527698;0,581983;0,5347;1,262;2,3214;0,6083;1,4356;2,6409;0,6709;1,5833;2,9125
420540725000041;4205407131;Canto da Lagoa;Leste;528;5357,58;0,463855;0,465853;0,453563;0,6628;1,5641;2,8772;0,6656;1,5709;2,8896;0,6481;1,5294;2,8133
420540725000042;4205407135;Praia Mole;Leste;178;8496,01;0,463855;0,534962;0,598116;0,2234;0,5273;0,97;0,2577;0,6081;1,1187;0,2881;0,6799;1,2507
420540725000043;4205407132;Porto da Lagoa;Leste;730;5504,3;0,463855;0,469645;0,460975;0,9164;2,1625;3,9779;0,9278;2,1895;4,0276;0,9107;2,1491;3,9532
420540725000044;4205407131;Canto da Lagoa;Leste;21;5866,67;0,463855;0,478714;0,478951;0,0264;0,0622;0,1144;0,0272;0,0642;0,1181;0,0272;0,0642;0,1182
420540725000045;4205407129;Lagoa;Leste;43;6442,11;0,463855;0,492342;0,506609;0,054;0,1274;0,2343;0,0573;0,1352;0,2487;0,059;0,1391;0,2559
420540725000046;4205407129;Lagoa;Leste;620;4006,59;0,463855;0,426964;0,380997;0,7783;1,8366;3,3785;0,7164;1,6906;3,1098;0,6392;1,5086;2,775
420540725000047;4205407140;Ratones;Norte;125;2595,82;0,463855;0,374836;0,293644;0,1569;0,3703;0,6812;0,1268;0,2992;0,5504;0,0993;0,2344;0,4312
420540725000048;4205407130;Canto dos Araçás;Leste;297;3265,63;0,463855;0,401558;0,337005;0,3728;0,8798;1,6184;0,3227;0,7617;1,4011;0,2709;0,6392;1,1758
420540730000004;4205407136;Pântano do Sul;Sul;963;3374,8;0,463855;0,405539;0,34372;1,2088;2,8527;5,2476;1,0569;2,4941;4,5879;0,8958;2,1139;3,8885
420540730000007;4205407138;Açores;Sul;665;3974,0;0,463855;0,425919;0,379134;0,8348;1,97;3,6237;0,7665;1,8088;3,3274;0,6823;1,6102;2,9619
420540730000009;4205407139;Rio das Pacas;Sul;226;3046,8;0,463855;0,393289;0,323268;0,2837;0,6695;1,2315;0,2405;0,5676;1,0442;0,1977;0,4666;0,8583
420540730000013;4205407137;Armação;Sul;111;3390,84;0,463855;0,406117;0,344699;0,1393;0,3288;0,6049;0,122;0,2879;0,5296;0,1035;0,2444;0,4495
420540730000014;4205407136;Pântano do Sul;Sul;155;2522,25;0,463855;0,371617;0,288622;0,1946;0,4592;0,8446;0,1559;0,3679;0,6767;0,1211;0,2857;0,5255
420540730000015;4205407136;Pântano do Sul;Sul;342;3013,94;0,463855;0,392012;0,321171;0,4293;1,0131;1,8636;0,3628;0,8562;1,575;0,2972;0,7015;1,2904
420540730000016;4205407137;Armação;Sul;421;4266,06;0,463855;0,435078;0,395615;0,5285;1,2471;2,2941;0,4957;1,1698;2,1518;0,4507;1,0637;1,9566
420540730000017;4205407138;Açores;Sul;456;7798,72;0,463855;0,521394;0,568159;0,5724;1,3508;2,4848;0,6434;1,5184;2,7931;0,7011;1,6546;3,0436
420540730000018;4205407138;Açores;Sul;441;7865,29;0,463855;0,522725;0,571064;0,5536;1,3064;2,4031;0,6238;1,4722;2,7081;0,6815;1,6083;2,9585
420540730000019;4205407136;Pântano do Sul;Sul;433;3660,24;0,463855;0,415539;0,360879;0,5435;1,2827;2,3595;0,4869;1,1491;2,1137;0,4229;0,9979;1,8357
420540730000020;4205407136;Pântano do Sul;Sul;384;3681,74;0,463855;0,416269;0,36215;0,482;1,1375;2,0925;0,4326;1,0208;1,8778;0,3763;0,8881;1,6337
420540730000021;4205407137;Armação;Sul;357;4535,45;0,463855;0,443144;0,41042;0,4481;1,0576;1,9454;0,4281;1,0103;1,8585;0,3965;0,9357;1,7213
420540730000023;4205407137;Armação;Sul;457;4493,18;0,463855;0,441901;0,40812;0,5737;1,3538;2,4903;0,5465;1,2897;2,3724;0,5047;1,1911;2,1911
420540730000024;4205407137;Armação;Sul;721;3839,39;0,463855;0,421539;0,371376;0,9051;2,1358;3,9289;0,8225;1,941;3,5705;0,7246;1,71;3,1456
420540730000025;4205407137;Armação;Sul;611;4042,25;0,463855;0,4281;0,383028;0,767;1,81;3,3295;0,7079;1,6705;3,0728;0,6333;1,4946;2,7493
420540730000026;4205407137;Armação;Sul;282;4568,03;0,463855;0,444096;0,412186;0,354;0,8354;1,5367;0,3389;0,7998;1,4712;0,3146;0,7423;1,3655
420540730000027;4205407136;Pântano do Sul;Sul;766;3445,78;0,463855;0,40808;0,34804;0,9615;2,2692;4,1741;0,8459;1,9963;3,6722;0,7215;1,7026;3,1319
420540730000028;4205407136;Pântano do Sul;Sul;491;3333,45;0,463855;0,404042;0,341187;0,6163;1,4545;2,6756;0,5369;1,267;2,3306;0,4533;1,0699;1,968
420540730000030;4205407144;Costeira do Ribeirão;Sul;153;3705,0;0,463855;0,417057;0,363521;0,1921;0,4532;0,8337;0,1727;0,4075;0,7496;0,1505;0,3552;0,6534
420540730000032;4205407136;Pântano do Sul;Sul;42;3186,85;0,463855;0,398627;0,332103;0,0527;0,1244;0,2289;0,0453;0,1069;0,1967;0,0377;0,0891;0,1639
420540730000033;4205407139;Rio das Pacas;Sul;67;3464,74;0,463855;0,408752;0,349187;0,0841;0,1985;0,3651;0,0741;0,1749;0,3217;0,0633;0,1494;0,2748
420540730000034;4205407137;Armação;Sul;663;3876,1;0,463855;0,422744;0,373502;0,8322;1,964;3,6128;0,7585;1,79;3,2926;0,6701;1,5815;2,9091
420540730000035;4205407137;Armação;Sul;358;3353,99;0,463855;0,404788;0,342447;0,4494;1,0605;1,9508;0,3922;0,9255;1,7024;0,3318;0,7829;1,4402
420540735000006;4205407096;Vargem Pequena;Norte;559;4044,68;0,463855;0,428178;0,383166;0,7017;1,6559;3,0461;0,6477;1,5286;2,8118;0,5796;1,3679;2,5162
420540735000007;4205407140;Ratones;Norte;166;5485,38;0,463855;0,46916;0,460024;0,2084;0,4917;0,9046;0,2108;0,4974;0,9149;0,2067;0,4877;0,8971
420540735000009;4205407140;Ratones;Norte;958;3651,52;0,463855;0,415241;0,360363;1,2026;2,8379;5,2203;1,0765;2,5405;4,6732;0,9343;2,2047;4,0556
420540735000010;4205407140;Ratones;Norte;715;3450,24;0,463855;0,408238;0,34831;0,8975;2,1181;3,8962;0,7899;1,8641;3,429;0,674;1,5905;2,9257
420540735000012;4205407096;Vargem Pequena;Norte;616;3898,79;0,463855;0,423485;0,374812;0,7733;1,8248;3,3567;0,706;1,666;3,0646;0,6248;1,4745;2,7124
420540735000013;4205407097;Recanto dos Açores;Norte;894;3703,37;0,463855;0,417002;0,363425;1,1222;2,6483;4,8716;1,0089;2,3808;4,3795;0,8792;2,0749;3,8168
420540735000014;4205407096;Vargem Pequena;Norte;651;4459,91;0,463855;0,440917;0,406305;0,8172;1,9285;3,5474;0,7768;1,8331;3,372;0,7158;1,6892;3,1073
420540735000015;4205407140;Ratones;Norte;18;6342,86;0,463855;0,490054;0,501912;0,0226;0,0533;0,0981;0,0239;0,0563;0,1036;0,0244;0,0577;0,1061
420540735000017;4205407140;Ratones;Norte;315;2647,59;0,463855;0,377063;0,297144;0,3954;0,9331;1,7165;0,3214;0,7585;1,3953;0,2533;0,5978;1,0996
420540735000018;4205407140;Ratones;Norte;614;3113,57;0,463855;0,395855;0,3275;0,7707;1,8189;3,3458;0,6578;1,5522;2,8553;0,5442;1,2842;2,3623
420540735000019;4205407096;Vargem Pequena;Norte;72;3235,58;0,463855;0,400446;0,335141;0,0904;0,2133;0,3923;0,078;0,1841;0,3387;0,0653;0,1541;0,2835
420540735000020;4205407096;Vargem Pequena;Norte;245;3288,38;0,463855;0,402396;0,338412;0,3075;0,7258;1,3351;0,2668;0,6296;1,1582;0,2244;0,5295;0,974
420540740000001;4205407141;Carianos;Sul;662;7899,42;0,463855;0,523404;0,57255;0,831;1,9611;3,6074;0,9377;2,2128;4,0705;1,0257;2,4206;4,4527
420540740000002;4205407141;Carianos;Sul;796;5667,71;0,463855;0,473785;0,469138;0,9992;2,358;4,3376;1,0206;2,4085;4,4304;1,0106;2,3849;4,387
420540740000003;4205407141;Carianos;Sul;1053;4506,15;0,463855;0,442283;0,408827;1,3218;3,1193;5,738;1,2603;2,9743;5,4712;1,165;2,7493;5,0573
420540740000006;4205407106;Ressacada;Sul;984;4642,02;0,463855;0,446242;0,416179;1,2352;2,9149;5,362;1,1883;2,8043;5,1584;1,1082;2,6153;4,8109
420540740000007;4205407106;Ressacada;Sul;1174;4089,9;0,463855;0,429608;0,38573;1,4737;3,4778;6,3974;1,3649;3,221;5,925;1,2255;2,892;5,3199
420540740000009;4205407107;Base Aérea;Sul;429;9196,93;0,463855;0,547837;0,627252;0,5385;1,2708;2,3377;0,636;1,5009;2,761;0,7282;1,7185;3,1612
420540740000011;4205407147;Tapera da Base;Sul;1048;3290,84;0,463855;0,402486;0,338564;1,3155;3,1045;5,7108;1,1415;2,6938;4,9552;0,9602;2,266;4,1682
420540740000012;4205407147;Tapera da Base;Sul;1097;3428,54;0,463855;0,407466;0,346994;1,377;3,2497;5,9778;1,2096;2,8546;5,2511;1,0301;2,431;4,4718
420540740000022;4205407153;Alto Ribeirão Leste;Sul;1122;3356,25;0,463855;0,404869;0,342585;1,4084;3,3237;6,114;1,2293;2,9011;5,3365;1,0402;2,4548;4,5156
420540740000025;4205407143;Ribeirão da Ilha;Sul;1123;4204,04;0,463855;0,43317;0,392154;1,4097;3,3267;6,1195;1,3164;3,1066;5,7147;1,1918;2,8125;5,1735
420540740000026;4205407143;Ribeirão da Ilha;Sul;456;5252,64;0,463855;0,463097;0,448211;0,5724;1,3508;2,4848;0,5715;1,3486;2,4808;0,5531;1,3053;2,401
420540740000027;4205407144;Costeira do Ribeirão;Sul;657;4587,31;0,463855;0,444658;0,413229;0,8247;1,9463;3,5801;0,7906;1,8657;3,432;0,7347;1,7338;3,1894
420540740000032;4205407148;Caieira;Sul;5;3025,22;0,463855;0,392451;0,321892;0,0063;0,0148;0,0272;0,0053;0,0125;0,0231;0,0044;0,0103;0,0189
420540740000035;4205407148;Caieira;Sul;48;2941,08;0,463855;0,389144;0,31649;0,0603;0,1422;0,2616;0,0505;0,1193;0,2194;0,0411;0,097;0,1785
420540740000036;4205407145;Caiacanga;Sul;350;4444,29;0,463855;0,440453;0,40545;0,4393;1,0368;1,9072;0,4172;0,9845;1,811;0,384;0,9063;1,6671
420540740000039;4205407146;Tapera;Sul;754;3464,62;0,463855;0,408748;0,34918;0,9465;2,2336;4,1087;0,834;1,9682;3,6206;0,7125;1,6814;3,0929
420540740000041;4205407147;Tapera da Base;Sul;853;2903,19;0,463855;0,387633;0,314037;1,0708;2,5269;4,6482;0,8948;2,1117;3,8844;0,7249;1,7107;3,1469
420540740000042;4205407147;Tapera da Base;Sul;859;2689,59;0,463855;0,378848;0,299963;1,0783;2,5446;4,6809;0,8807;2,0783;3,823;0,6973;1,6456;3,027
420540740000043;4205407153;Alto Ribeirão Leste;Sul;1103;3601,37;0,463855;0,413522;0,357385;1,3846;3,2675;6,0105;1,2343;2,9129;5,3583;1,0668;2,5175;4,6309
420540740000044;4205407153;Alto Ribeirão Leste;Sul;1003;4080,15;0,463855;0,429301;0,385178;1,259;2,9712;5,4656;1,1653;2,7499;5,0584;1,0455;2,4673;4,5385
420540740000045;4205407153;Alto Ribeirão Leste;Sul;1182;4935,69;0,463855;0,45453;0,431782;1,4837;3,5015;6,441;1,4539;3,4311;6,3115;1,3811;3,2594;5,9956
420540740000046;4205407142;Alto Ribeirão;Sul;754;3493,66;0,463855;0,409773;0,350933;0,9465;2,2336;4,1087;0,8361;1,9732;3,6297;0,7161;1,6898;3,1085
420540740000047;4205407147;Tapera da Base;Sul;752;2495,45;0,463855;0,370428;0,286778;0,944;2,2277;4,0978;0,7538;1,779;3,2724;0,5836;1,3773;2,5335
420540740000049;4205407147;Tapera da Base;Sul;902;2325,81;0,463855;0,362686;0,274916;1,1323;2,672;4,9152;0,8853;2,0892;3,8432;0,6711;1,5837;2,9131
420540740000050;4205407147;Tapera da Base;Sul;946;2506,96;0,463855;0,370939;0,287571;1,1875;2,8024;5,155;0,9496;2,241;4,1224;0,7362;1,7374;3,1959
420540740000051;4205407147;Tapera da Base;Sul;877;2666,26;0,463855;0,377859;0,298399;1,1009;2,598;4,779;0,8968;2,1163;3,893;0,7082;1,6713;3,0743
420540740000053;4205407147;Tapera da Base;Sul;1031;2647,28;0,463855;0,37705;0,297123;1,2942;3,0542;5,6181;1,052;2,4826;4,5668;0,829;1,9564;3,5987
420540740000054;4205407106;Ressacada;Sul;977;5483,12;0,463855;0,469102;0,45991;1,2264;2,8942;5,3239;1,2403;2,9269;5,3841;1,216;2,8696;5,2786
420540740000055;4205407106;Ressacada;Sul;758;6622,23;0,463855;0,496432;0,515061;0,9515;2,2455;4,1305;1,0183;2,4032;4,4206;1,0565;2,4933;4,5865
420540740000056;4205407141;Carianos;Sul;741;3780,1;0,463855;0,419575;0,367924;0,9302;2,1951;4,0379;0,8414;1,9855;3,6524;0,7378;1,7411;3,2028
420540740000057;4205407141;Carianos;Sul;745;3965,22;0,463855;0,425636;0,378631;0,9352;2,2069;4,0597;0,8581;2,0251;3,7252;0,7634;1,8015;3,3138
420540740000058;4205407141;Carianos;Sul;587;6754,01;0,463855;0,499375;0,521186;0,7368;1,7389;3,1987;0,7933;1,8721;3,4436;0,8279;1,9538;3,594
420540740000059;4205407142;Alto Ribeirão;Sul;896;4639,7;0,463855;0,446175;0,416054;1,1247;2,6543;4,8825;1,0819;2,5531;4,6964;1,0088;2,3807;4,3793
420540740000060;4205407142;Alto Ribeirão;Sul;953;4041,26;0,463855;0,428069;0,382971;1,1963;2,8231;5,1931;1,104;2,6053;4,7925;0,9877;2,3308;4,2876
420540740000061;4205407147;Tapera da Base;Sul;735;2236,82;0,463855;0,358466;0,268556;0,9226;2,1773;4,0052;0,713;1,6826;3,0952;0,5342;1,2606;2,3189
420540740000062;4205407145;Caiacanga;Sul;400;3971,44;0,463855;0,425837;0,378987;0,5021;1,1849;2,1797;0,461;1,0878;2,001;0,4102;0,9681;1,7809
420540740000063;4205407145;Caiacanga;Sul;389;4875,57;0,463855;0,452862;0,428619;0,4883;1,1523;2,1197;0,4767;1,125;2,0695;0,4512;1,0648;1,9587
420540740000064;4205407141;Carianos;Sul;664;3736,34;0,463855;0,418112;0,365362;0,8335;1,967;3,6183;0,7513;1,773;3,2615;0,6565;1,5493;2,85
420540740000065;4205407142;Alto Ribeirão;Sul;382;3302,98;0,463855;0,402931;0,339312;0,4795;1,1316;2,0816;0,4165;0,983;1,8082;0,3508;0,8278;1,5227
420540740000066;4205407147;Tapera da Base;Sul;7;2522,39;0,463855;0,371623;0,288631;0,0088;0,0207;0,0381;0,007;0,0166;0,0306;0,0055;0,0129;0,0237
420540740000068;4205407147;Tapera da Base;Sul;801;2295,24;0,463855;0,361249;0,272743;1,0055;2,3728;4,3648;0,7831;1,848;3,3993;0,5912;1,3952;2,5665
420540740000069;4205407147;Tapera da Base;Sul;682;2339,62;0,463855;0,363331;0,275895;0,8561;2,0203;3,7164;0,6706;1,5825;2,911;0,5092;1,2017;2,2104
420540740000070;4205407109;Morro do Peralta;Sul;140;2930,37;0,463855;0,388719;0,315798;0,1757;0,4147;0,7629;0,1473;0,3475;0,6393;0,1196;0,2824;0,5194
420540740000071;4205407109;Morro do Peralta;Sul;1037;2343,31;0,463855;0,363503;0,276156;1,3017;3,0719;5,6508;1,0201;2,4073;4,4283;0,775;1,8289;3,3642
420540740000072;4205407147;Tapera da Base;Sul;697;2166,51;0,463855;0,355048;0,263459;0,8749;2,0647;3,7981;0,6697;1,5804;2,9072;0,4969;1,1727;2,1572
420540740000073;4205407147;Tapera da Base;Sul;242;2537,82;0,463855;0,372303;0,289689;0,3038;0,7169;1,3187;0,2438;0,5754;1,0584;0,1897;0,4477;0,8236
420540740000074;4205407147;Tapera da Base;Sul;706;3052,22;0,463855;0,393499;0,323613;0,8862;2,0914;3,8471;0,7518;1,7742;3,2636;0,6183;1,4591;2,684
420540740000075;4205407147;Tapera da Base;Sul;226;2156,49;0,463855;0,354554;0,262727;0,2837;0,6695;1,2315;0,2168;0,5117;0,9413;0,1607;0,3792;0,6975
420540740000076;4205407148;Caieira;Sul;252;3109,37;0,463855;0,395695;0,327235;0,3163;0,7465;1,3732;0,2698;0,6368;1,1714;0,2232;0,5266;0,9687
420540745000003;4205407097;Recanto dos Açores;Norte;458;5504,03;0,463855;0,469638;0,460961;0,5749;1,3568;2,4957;0,5821;1,3737;2,5269;0,5713;1,3483;2,4802
420540745000004;4205407151;Sambaqui;Norte;642;6075,07;0,463855;0,483753;0,489088;0,8059;1,9018;3,4984;0,8405;1,9834;3,6485;0,8497;2,0053;3,6887
420540745000005;4205407151;Sambaqui;Norte;1040;7214,96;0,463855;0,509365;0,542246;1,3055;3,0808;5,6672;1,4336;3,3831;6,2232;1,5261;3,6015;6,6249
420540745000006;4205407152;Barra do Sambaqui;Norte;958;4539,28;0,463855;0,443256;0,410628;1,2026;2,8379;5,2203;1,1492;2,7119;4,9885;1,0646;2,5123;4,6213
420540745000007;4205407150;Cacupé;Norte;851;15297,95;0,463855;0,638188;0,851209;1,0682;2,5209;4,6373;1,4697;3,4684;6,3801;1,9603;4,6261;8,5098
420540745000010;4205407149;Santo Antônio;Norte;40;12766,25;0,463855;0,604474;0,76365;0,0502;0,1185;0,218;0,0654;0,1544;0,284;0,0827;0,1951;0,3588
420540745000012;4205407150;Cacupé;Norte;643;12777,67;0,463855;0,604636;0,764059;0,8071;1,9048;3,5038;1,0521;2,4829;4,5673;1,3295;3,1375;5,7715
420540745000014;4205407152;Barra do Sambaqui;Norte;385;3458,96;0,463855;0,408547;0,348838;0,4833;1,1405;2,0979;0,4257;1,0045;1,8478;0,3634;0,8577;1,5777
420540745000015;4205407152;Barra do Sambaqui;Norte;60;3031,95;0,463855;0,392713;0,322322;0,0753;0,1777;0,327;0,0638;0,1505;0,2768;0,0523;0,1235;0,2272
420540745000016;4205407152;Barra do Sambaqui;Norte;452;3285,08;0,463855;0,402274;0,338208;0,5674;1,339;2,463;0,4921;1,1612;2,1361;0,4137;0,9763;1,7959
420540745000017;4205407151;Sambaqui;Norte;163;6882,63;0,463855;0,50221;0,527119;0,2046;0,4829;0,8882;0,2215;0,5228;0,9617;0,2325;0,5487;1,0094
420540745000018;4205407149;Santo Antônio;Norte;671;11431,19;0,463855;0,584771;0,714679;0,8423;1,9877;3,6564;1,0619;2,5059;4,6096;1,2978;3,0626;5,6336
420540745000019;4205407149;Santo Antônio;Norte;189;12330,07;0,463855;0,598203;0,747886;0,2372;0,5599;1,0299;0,306;0,722;1,3282;0,3825;0,9027;1,6605
420540745000020;4205407149;Santo Antônio;Norte;510;6602,3;0,463855;0,495983;0,51413;0,6402;1,5108;2,7791;0,6845;1,6154;2,9716;0,7096;1,6745;3,0803
420540745000021;4205407149;Santo Antônio;Norte;651;7746,53;0,463855;0,520344;0,565875;0,8172;1,9285;3,5474;0,9167;2,1633;3,9794;0,9969;2,3526;4,3277
420540745000022;4205407152;Barra do Sambaqui;Norte;281;4926,65;0,463855;0,454281;0,431308;0,3527;0,8324;1,5312;0,3455;0,8152;1,4996;0,328;0,774;1,4238
420540745000023;4205407151;Sambaqui;Norte;57;3535,22;0,463855;0,411229;0,353432;0,0716;0,1689;0,3106;0,0634;0,1497;0,2754;0,0545;0,1287;0,2367
420540750000008;4205407098;Rio Vermelho;Leste;684;3438,48;0,463855;0,40782;0,347597;0,8586;2,0262;3,7273;0,7549;1,7815;3,277;0,6434;1,5184;2,7931
420540750000018;4205407098;Rio Vermelho;Leste;1274;3012,02;0,463855;0,391937;0,321049;1,5992;3,774;6,9423;1,3513;3,1889;5,8659;1,1069;2,6121;4,805
420540750000019;4205407098;Rio Vermelho;Leste;713;2834,14;0,463855;0,384844;0,309534;0,895;2,1121;3,8853;0,7426;1,7524;3,2235;0,5972;1,4095;2,5927
420540750000020;4205407098;Rio Vermelho;Leste;180;3300,67;0,463855;0,402846;0,33917;0,2259;0,5332;0,9809;0,1962;0,4631;0,8518;0,1652;0,3899;0,7172
420540750000022;4205407098;Rio Vermelho;Leste;571;7484,97;0,463855;0,51501;0,554332;0,7168;1,6915;3,1115;0,7958;1,878;3,4546;0,8566;2,0214;3,7184
420540750000023;4205407098;Rio Vermelho;Leste;943;2568,66;0,463855;0,373655;0,291796;1,1837;2,7935;5,1386;0,9535;2,2503;4,1394;0,7446;1,7573;3,2325
420540750000024;4205407098;Rio Vermelho;Leste;1009;2640,25;0,463855;0,376749;0,296649;1,2666;2,989;5,4983;1,0287;2,4277;4,4658;0,81;1,9116;3,5163
420540750000026;4205407098;Rio Vermelho;Leste;1146;2655,91;0,463855;0,377418;0,297704;1,4385;3,3948;6,2448;1,1705;2,7622;5,0811;0,9233;2,1788;4,0079
420540750000027;4205407098;Rio Vermelho;Leste;1094;2636,41;0,463855;0,376585;0,29639;1,3733;3,2408;5,9614;1,1149;2,6311;4,8398;0,8775;2,0708;3,8092
420540750000028;4205407098;Rio Vermelho;Leste;1168;2753,42;0,463855;0,381523;0,304214;1,4662;3,46;6,3647;1,2059;2,8459;5,235;0,9616;2,2692;4,1742
420540750000033;4205407098;Rio Vermelho;Leste;352;3346,21;0,463855;0,404506;0,34197;0,4419;1,0427;1,9181;0,3853;0,9093;1,6727;0,3258;0,7687;1,4141
420540750000034;4205407098;Rio Vermelho;Leste;586;2812,79;0,463855;0,383972;0,308133;0,7356;1,7359;3,1932;0,6089;1,437;2,6433;0,4886;1,1532;2,1212
420540750000035;4205407098;Rio Vermelho;Leste;677;3319,56;0,463855;0,403536;0,340333;0,8498;2,0055;3,6891;0,7393;1,7447;3,2094;0,6235;1,4714;2,7067
420540750000036;4205407098;Rio Vermelho;Leste;688;4315,58;0,463855;0,436587;0,398364;0,8636;2,0381;3,7491;0,8129;1,9183;3,5287;0,7417;1,7503;3,2197
420540750000037;4205407098;Rio Vermelho;Leste;701;3293,38;0,463855;0,402579;0,33872;0,8799;2,0766;3,8199;0,7637;1,8023;3,3153;0,6426;1,5164;2,7894
420540750000039;4205407098;Rio Vermelho;Leste;1532;2597,43;0,463855;0,374905;0,293753;1,9231;4,5383;8,3482;1,5543;3,668;6,7473;1,2179;2,874;5,2868
420540750000040;4205407098;Rio Vermelho;Leste;46;1754,35;0,463855;0,333268;0,232127;0,0577;0,1363;0,2507;0,0415;0,0979;0,1801;0,0289;0,0682;0,1254
420540750000041;4205407098;Rio Vermelho;Leste;739;2648,5;0,463855;0,377102;0,297205;0,9277;2,1892;4,027;0,7542;1,7797;3,2738;0,5944;1,4027;2,5802
420540750000042;4205407098;Rio Vermelho;Leste;905;3171,7;0,463855;0,398058;0,331155;1,136;2,6809;4,9315;0,9749;2,3006;4,232;0,811;1,914;3,5207
420540750000046;4205407098;Rio Vermelho;Leste;789;3994,14;0,463855;0,426565;0,380286;0,9904;2,3373;4,2994;0,9108;2,1494;3,9538;0,812;1,9162;3,5248
420540750000047;4205407098;Rio Vermelho;Leste;736;2937,09;0,463855;0,388986;0,316232;0,9239;2,1803;4,0106;0,7748;1,8284;3,3633;0,6299;1,4864;2,7342
420540750000048;4205407098;Rio Vermelho;Leste;823;2590,99;0,463855;0,374626;0,293316;1,0331;2,438;4,4847;0,8344;1,969;3,622;0,6533;1,5417;2,8359
420540750000050;4205407098;Rio Vermelho;Leste;961;2842,56;0,463855;0,385187;0,310086;1,2063;2,8468;5,2367;1,0017;2,364;4,3486;0,8064;1,9031;3,5007
420540750000051;4205407098;Rio Vermelho;Leste;1166;2232,18;0,463855;0,358243;0,268222;1,4637;3,4541;6,3538;1,1304;2,6676;4,9071;0,8463;1,9973;3,674
420540750000052;4205407098;Rio Vermelho;Leste;591;3926,36;0,463855;0,424381;0,3764;0,7419;1,7507;3,2205;0,6787;1,6018;2,9464;0,602;1,4207;2,6133
420540750000053;4205407098;Rio Vermelho;Leste;879;3676,99;0,463855;0,416108;0,361869;1,1034;2,6039;4,7899;0,9898;2,3359;4,2968;0,8608;2,0314;3,7367
420540750000054;4205407098;Rio Vermelho;Leste;1239;2702,38;0,463855;0,379387;0,300818;1,5553;3,6703;6,7516;1,2721;3,002;5,5221;1,0086;2,3803;4,3785
420540750000055;4205407098;Rio Vermelho;Leste;591;3147,94;0,463855;0,397161;0,329664;0,7419;1,7507;3,2205;0,6352;1,499;2,7574;0,5273;1,2443;2,2888
420540750000056;4205407098;Rio Vermelho;Leste;764;2633,73;0,463855;0,37647;0,296209;0,959;2,2632;4,1632;0,7784;1,8369;3,3789;0,6124;1,4453;2,6585
420540750000057;4205407098;Rio Vermelho;Leste;614;3093,23;0,463855;0,395077;0,326215;0,7707;1,8189;3,3458;0,6565;1,5492;2,8497;0,542;1,2792;2,353
420540750000058;4205407098;Rio Vermelho;Leste;778;2626,3;0,463855;0,376151;0,295708;0,9766;2,3047;4,2395;0,792;1,8689;3,4379;0,6226;1,4692;2,7027
420540750000059;4205407098;Rio Vermelho;Leste;781;3301,53;0,463855;0,402878;0,339223;0,9804;2,3136;4,2558;0,8515;2,0094;3,6964;0,717;1,692;3,1123
420540750000060;4205407098;Rio Vermelho;Leste;396;3938,07;0,463855;0,42476;0,377074;0,4971;1,1731;2,1579;0,4552;1,0742;1,976;0,4041;0,9536;1,7542
420540750000061;4205407098;Rio Vermelho;Leste;919;2627,22;0,463855;0,37619;0,29577;1,1536;2,7224;5,0078;0,9356;2,2079;4,0614;0,7356;1,7359;3,1932
420540750000062;4205407098;Rio Vermelho;Leste;942;4380,17;0,463855;0,438537;0,40193;1,1825;2,7905;5,1332;1,1179;2,6382;4,853;1,0246;2,418;4,4479
420540750000063;4205407098;Rio Vermelho;Leste;1082;4258,1;0,463855;0,434834;0,395171;1,3582;3,2052;5,896;1,2732;3,0047;5,5272;1,1571;2,7306;5,023
420540750000064;4205407098;Rio Vermelho;Leste;3;2937,09;0,463855;0,388986;0,316232;0,0038;0,0089;0,0163;0,0032;0,0075;0,0137;0,0026;0,0061;0,0111
420540750000065;4205407098;Rio Vermelho;Leste;43;2869,92;0,463855;0,386295;0,311873;0,054;0,1274;0,2343;0,045;0,1061;0,1951;0,0363;0,0856;0,1575
420540750000066;4205407110;Barra da Lagoa;Leste;27;3570,27;0,463855;0,412448;0,35553;0,0339;0,08;0,1471;0,0301;0,0711;0,1308;0,026;0,0613;0,1128
420540750000067;4205407098;Rio Vermelho;Leste;281;2391,43;0,463855;0,365726;0,279544;0,3527;0,8324;1,5312;0,2781;0,6563;1,2073;0,2126;0,5017;0,9228
420540750000068;4205407098;Rio Vermelho;Leste;890;2895,21;0,463855;0,387314;0,313519;1,1172;2,6365;4,8498;0,9328;2,2014;4,0495;0,7551;1,782;3,278
420540750000069;4205407098;Rio Vermelho;Leste;8;2937,09;0,463855;0,388986;0,316232;0,01;0,0237;0,0436;0,0084;0,0199;0,0366;0,0068;0,0162;0,0297
420540750000070;4205407098;Rio Vermelho;Leste;139;3585,02;0,463855;0,412958;0,356411;0,1745;0,4118;0,7574;0,1553;0,3666;0,6743;0,1341;0,3164;0,582
420540750000071;4205407098;Rio Vermelho;Leste;301;3196,38;0,463855;0,398985;0,332699;0,3778;0,8917;1,6402;0,325;0,767;1,4108;0,271;0,6395;1,1764
